index,family,arm,route,result,expected,model_calls,operation_ms,matches
0,model_needed,without_preparation,not_prepared,ALLOW_WITH_CONSTRAINTS,ALLOW_WITH_CONSTRAINTS,1,19.095000003289897,True
0,model_needed,with_preparation,READY_FOR_MODEL,ALLOW_WITH_CONSTRAINTS,ALLOW_WITH_CONSTRAINTS,1,33.017599998856895,True
1,structured,with_preparation,READY_FOR_DETERMINISTIC_EVALUATION,ALLOW_WITH_CONSTRAINTS,ALLOW_WITH_CONSTRAINTS,0,36.706800005049445,True
1,structured,without_preparation,not_prepared,ALLOW_WITH_CONSTRAINTS,ALLOW_WITH_CONSTRAINTS,1,17.418900002667215,True
2,missing_evidence,with_preparation,REQUIRE_INPUT_OR_EVIDENCE,REQUIRE_EVIDENCE,REQUIRE_EVIDENCE,0,7.287799999176059,True
2,missing_evidence,without_preparation,not_prepared,REQUIRE_EVIDENCE,REQUIRE_EVIDENCE,1,16.322600000421517,True
3,mandatory_block,with_preparation,BLOCKED_BY_MANDATORY_CHECK,DENY,DENY,0,7.531399998697452,True
3,mandatory_block,without_preparation,not_prepared,DENY,DENY,1,14.128000002529006,True
4,model_needed,without_preparation,not_prepared,ALLOW_WITH_CONSTRAINTS,ALLOW_WITH_CONSTRAINTS,1,18.490499998733867,True
4,model_needed,with_preparation,READY_FOR_MODEL,ALLOW_WITH_CONSTRAINTS,ALLOW_WITH_CONSTRAINTS,1,35.960199995315634,True
5,structured,without_preparation,not_prepared,ALLOW_WITH_CONSTRAINTS,ALLOW_WITH_CONSTRAINTS,1,21.076999997603707,True
5,structured,with_preparation,READY_FOR_DETERMINISTIC_EVALUATION,ALLOW_WITH_CONSTRAINTS,ALLOW_WITH_CONSTRAINTS,0,40.90110000106506,True
6,missing_evidence,with_preparation,REQUIRE_INPUT_OR_EVIDENCE,REQUIRE_EVIDENCE,REQUIRE_EVIDENCE,0,6.36089999898104,True
6,missing_evidence,without_preparation,not_prepared,REQUIRE_EVIDENCE,REQUIRE_EVIDENCE,1,16.40449999831617,True
7,mandatory_block,without_preparation,not_prepared,DENY,DENY,1,12.753799994243309,True
7,mandatory_block,with_preparation,BLOCKED_BY_MANDATORY_CHECK,DENY,DENY,0,7.5593000001390465,True
8,model_needed,with_preparation,READY_FOR_MODEL,ALLOW_WITH_CONSTRAINTS,ALLOW_WITH_CONSTRAINTS,1,34.16769999603275,True
8,model_needed,without_preparation,not_prepared,ALLOW_WITH_CONSTRAINTS,ALLOW_WITH_CONSTRAINTS,1,15.110000000277068,True
9,structured,without_preparation,not_prepared,ALLOW_WITH_CONSTRAINTS,ALLOW_WITH_CONSTRAINTS,1,15.566000001854263,True
9,structured,with_preparation,READY_FOR_DETERMINISTIC_EVALUATION,ALLOW_WITH_CONSTRAINTS,ALLOW_WITH_CONSTRAINTS,0,34.32349999638973,True
10,missing_evidence,with_preparation,REQUIRE_INPUT_OR_EVIDENCE,REQUIRE_EVIDENCE,REQUIRE_EVIDENCE,0,7.002899998042267,True
10,missing_evidence,without_preparation,not_prepared,REQUIRE_EVIDENCE,REQUIRE_EVIDENCE,1,13.298900004883762,True
11,mandatory_block,without_preparation,not_prepared,DENY,DENY,1,17.456700006732717,True
11,mandatory_block,with_preparation,BLOCKED_BY_MANDATORY_CHECK,DENY,DENY,0,6.476499998825602,True
12,model_needed,without_preparation,not_prepared,ALLOW_WITH_CONSTRAINTS,ALLOW_WITH_CONSTRAINTS,1,16.57780000095954,True
12,model_needed,with_preparation,READY_FOR_MODEL,ALLOW_WITH_CONSTRAINTS,ALLOW_WITH_CONSTRAINTS,1,37.578199997369666,True
13,structured,with_preparation,READY_FOR_DETERMINISTIC_EVALUATION,ALLOW_WITH_CONSTRAINTS,ALLOW_WITH_CONSTRAINTS,0,33.684900001389906,True
13,structured,without_preparation,not_prepared,ALLOW_WITH_CONSTRAINTS,ALLOW_WITH_CONSTRAINTS,1,14.436299999943003,True
14,missing_evidence,with_preparation,REQUIRE_INPUT_OR_EVIDENCE,REQUIRE_EVIDENCE,REQUIRE_EVIDENCE,0,6.219700000656303,True
14,missing_evidence,without_preparation,not_prepared,REQUIRE_EVIDENCE,REQUIRE_EVIDENCE,1,13.808000003336929,True
15,mandatory_block,with_preparation,BLOCKED_BY_MANDATORY_CHECK,DENY,DENY,0,7.088900005328469,True
15,mandatory_block,without_preparation,not_prepared,DENY,DENY,1,17.232600002898835,True
16,model_needed,without_preparation,not_prepared,ALLOW_WITH_CONSTRAINTS,ALLOW_WITH_CONSTRAINTS,1,16.397799998230767,True
16,model_needed,with_preparation,READY_FOR_MODEL,ALLOW_WITH_CONSTRAINTS,ALLOW_WITH_CONSTRAINTS,1,28.848100002505817,True
17,structured,with_preparation,READY_FOR_DETERMINISTIC_EVALUATION,ALLOW_WITH_CONSTRAINTS,ALLOW_WITH_CONSTRAINTS,0,31.162299994321074,True
17,structured,without_preparation,not_prepared,ALLOW_WITH_CONSTRAINTS,ALLOW_WITH_CONSTRAINTS,1,17.272299999604,True
18,missing_evidence,with_preparation,REQUIRE_INPUT_OR_EVIDENCE,REQUIRE_EVIDENCE,REQUIRE_EVIDENCE,0,7.549499998276588,True
18,missing_evidence,without_preparation,not_prepared,REQUIRE_EVIDENCE,REQUIRE_EVIDENCE,1,22.545200001331978,True
19,mandatory_block,without_preparation,not_prepared,DENY,DENY,1,15.152200001466554,True
19,mandatory_block,with_preparation,BLOCKED_BY_MANDATORY_CHECK,DENY,DENY,0,10.017599997809157,True
20,model_needed,without_preparation,not_prepared,ALLOW_WITH_CONSTRAINTS,ALLOW_WITH_CONSTRAINTS,1,18.10730000579497,True
20,model_needed,with_preparation,READY_FOR_MODEL,ALLOW_WITH_CONSTRAINTS,ALLOW_WITH_CONSTRAINTS,1,27.977099998679478,True
21,structured,without_preparation,not_prepared,ALLOW_WITH_CONSTRAINTS,ALLOW_WITH_CONSTRAINTS,1,15.565999994578306,True
21,structured,with_preparation,READY_FOR_DETERMINISTIC_EVALUATION,ALLOW_WITH_CONSTRAINTS,ALLOW_WITH_CONSTRAINTS,0,28.92740000243066,True
22,missing_evidence,with_preparation,REQUIRE_INPUT_OR_EVIDENCE,REQUIRE_EVIDENCE,REQUIRE_EVIDENCE,0,7.896800001617521,True
22,missing_evidence,without_preparation,not_prepared,REQUIRE_EVIDENCE,REQUIRE_EVIDENCE,1,13.844900000549387,True
23,mandatory_block,with_preparation,BLOCKED_BY_MANDATORY_CHECK,DENY,DENY,0,7.364199998846743,True
23,mandatory_block,without_preparation,not_prepared,DENY,DENY,1,13.359800002945121,True
24,model_needed,with_preparation,READY_FOR_MODEL,ALLOW_WITH_CONSTRAINTS,ALLOW_WITH_CONSTRAINTS,1,30.071299996052403,True
24,model_needed,without_preparation,not_prepared,ALLOW_WITH_CONSTRAINTS,ALLOW_WITH_CONSTRAINTS,1,15.046600005007349,True
25,structured,with_preparation,READY_FOR_DETERMINISTIC_EVALUATION,ALLOW_WITH_CONSTRAINTS,ALLOW_WITH_CONSTRAINTS,0,39.593800000147894,True
25,structured,without_preparation,not_prepared,ALLOW_WITH_CONSTRAINTS,ALLOW_WITH_CONSTRAINTS,1,16.535900002054404,True
26,missing_evidence,with_preparation,REQUIRE_INPUT_OR_EVIDENCE,REQUIRE_EVIDENCE,REQUIRE_EVIDENCE,0,8.749600005103275,True
26,missing_evidence,without_preparation,not_prepared,REQUIRE_EVIDENCE,REQUIRE_EVIDENCE,1,14.158300000417512,True
27,mandatory_block,with_preparation,BLOCKED_BY_MANDATORY_CHECK,DENY,DENY,0,8.16810000105761,True
27,mandatory_block,without_preparation,not_prepared,DENY,DENY,1,13.132499996572733,True
28,model_needed,with_preparation,READY_FOR_MODEL,ALLOW_WITH_CONSTRAINTS,ALLOW_WITH_CONSTRAINTS,1,30.875900003593415,True
28,model_needed,without_preparation,not_prepared,ALLOW_WITH_CONSTRAINTS,ALLOW_WITH_CONSTRAINTS,1,15.819100000953767,True
29,structured,without_preparation,not_prepared,ALLOW_WITH_CONSTRAINTS,ALLOW_WITH_CONSTRAINTS,1,15.471899998374283,True
29,structured,with_preparation,READY_FOR_DETERMINISTIC_EVALUATION,ALLOW_WITH_CONSTRAINTS,ALLOW_WITH_CONSTRAINTS,0,29.838800001016352,True
30,missing_evidence,without_preparation,not_prepared,REQUIRE_EVIDENCE,REQUIRE_EVIDENCE,1,13.427500001853332,True
30,missing_evidence,with_preparation,REQUIRE_INPUT_OR_EVIDENCE,REQUIRE_EVIDENCE,REQUIRE_EVIDENCE,0,6.3818000053288415,True
31,mandatory_block,without_preparation,not_prepared,DENY,DENY,1,13.901699996495154,True
31,mandatory_block,with_preparation,BLOCKED_BY_MANDATORY_CHECK,DENY,DENY,0,8.37840000167489,True
32,model_needed,with_preparation,READY_FOR_MODEL,ALLOW_WITH_CONSTRAINTS,ALLOW_WITH_CONSTRAINTS,1,33.67209999851184,True
32,model_needed,without_preparation,not_prepared,ALLOW_WITH_CONSTRAINTS,ALLOW_WITH_CONSTRAINTS,1,17.867099995783065,True
33,structured,with_preparation,READY_FOR_DETERMINISTIC_EVALUATION,ALLOW_WITH_CONSTRAINTS,ALLOW_WITH_CONSTRAINTS,0,35.04350000002887,True
33,structured,without_preparation,not_prepared,ALLOW_WITH_CONSTRAINTS,ALLOW_WITH_CONSTRAINTS,1,17.22400000289781,True
34,missing_evidence,without_preparation,not_prepared,REQUIRE_EVIDENCE,REQUIRE_EVIDENCE,1,14.541399999870919,True
34,missing_evidence,with_preparation,REQUIRE_INPUT_OR_EVIDENCE,REQUIRE_EVIDENCE,REQUIRE_EVIDENCE,0,7.457899999280926,True
35,mandatory_block,with_preparation,BLOCKED_BY_MANDATORY_CHECK,DENY,DENY,0,6.2612000037916005,True
35,mandatory_block,without_preparation,not_prepared,DENY,DENY,1,13.720599999942351,True
36,model_needed,with_preparation,READY_FOR_MODEL,ALLOW_WITH_CONSTRAINTS,ALLOW_WITH_CONSTRAINTS,1,29.422899999190122,True
36,model_needed,without_preparation,not_prepared,ALLOW_WITH_CONSTRAINTS,ALLOW_WITH_CONSTRAINTS,1,16.659399996569846,True
37,structured,with_preparation,READY_FOR_DETERMINISTIC_EVALUATION,ALLOW_WITH_CONSTRAINTS,ALLOW_WITH_CONSTRAINTS,0,29.192499998316634,True
37,structured,without_preparation,not_prepared,ALLOW_WITH_CONSTRAINTS,ALLOW_WITH_CONSTRAINTS,1,15.39039999624947,True
38,missing_evidence,with_preparation,REQUIRE_INPUT_OR_EVIDENCE,REQUIRE_EVIDENCE,REQUIRE_EVIDENCE,0,6.429400003980845,True
38,missing_evidence,without_preparation,not_prepared,REQUIRE_EVIDENCE,REQUIRE_EVIDENCE,1,13.231600001745392,True
39,mandatory_block,without_preparation,not_prepared,DENY,DENY,1,16.490699999849312,True
39,mandatory_block,with_preparation,BLOCKED_BY_MANDATORY_CHECK,DENY,DENY,0,9.193300000333693,True
40,model_needed,without_preparation,not_prepared,ALLOW_WITH_CONSTRAINTS,ALLOW_WITH_CONSTRAINTS,1,18.040400005702395,True
40,model_needed,with_preparation,READY_FOR_MODEL,ALLOW_WITH_CONSTRAINTS,ALLOW_WITH_CONSTRAINTS,1,36.89920000033453,True
41,structured,without_preparation,not_prepared,ALLOW_WITH_CONSTRAINTS,ALLOW_WITH_CONSTRAINTS,1,16.46230000187643,True
41,structured,with_preparation,READY_FOR_DETERMINISTIC_EVALUATION,ALLOW_WITH_CONSTRAINTS,ALLOW_WITH_CONSTRAINTS,0,29.399799997918308,True
42,missing_evidence,with_preparation,REQUIRE_INPUT_OR_EVIDENCE,REQUIRE_EVIDENCE,REQUIRE_EVIDENCE,0,6.256599997868761,True
42,missing_evidence,without_preparation,not_prepared,REQUIRE_EVIDENCE,REQUIRE_EVIDENCE,1,13.911499998357613,True
43,mandatory_block,with_preparation,BLOCKED_BY_MANDATORY_CHECK,DENY,DENY,0,8.607699994172435,True
43,mandatory_block,without_preparation,not_prepared,DENY,DENY,1,13.712100000702776,True
44,model_needed,without_preparation,not_prepared,ALLOW_WITH_CONSTRAINTS,ALLOW_WITH_CONSTRAINTS,1,15.568299997539725,True
44,model_needed,with_preparation,READY_FOR_MODEL,ALLOW_WITH_CONSTRAINTS,ALLOW_WITH_CONSTRAINTS,1,30.967699996836018,True
45,structured,without_preparation,not_prepared,ALLOW_WITH_CONSTRAINTS,ALLOW_WITH_CONSTRAINTS,1,15.51140000083251,True
45,structured,with_preparation,READY_FOR_DETERMINISTIC_EVALUATION,ALLOW_WITH_CONSTRAINTS,ALLOW_WITH_CONSTRAINTS,0,30.660599994007498,True
46,missing_evidence,with_preparation,REQUIRE_INPUT_OR_EVIDENCE,REQUIRE_EVIDENCE,REQUIRE_EVIDENCE,0,7.549800000560936,True
46,missing_evidence,without_preparation,not_prepared,REQUIRE_EVIDENCE,REQUIRE_EVIDENCE,1,16.93649999651825,True
47,mandatory_block,with_preparation,BLOCKED_BY_MANDATORY_CHECK,DENY,DENY,0,6.773499997507315,True
47,mandatory_block,without_preparation,not_prepared,DENY,DENY,1,18.137799997930415,True
48,model_needed,with_preparation,READY_FOR_MODEL,ALLOW_WITH_CONSTRAINTS,ALLOW_WITH_CONSTRAINTS,1,32.92230000079144,True
48,model_needed,without_preparation,not_prepared,ALLOW_WITH_CONSTRAINTS,ALLOW_WITH_CONSTRAINTS,1,15.098399999260437,True
49,structured,with_preparation,READY_FOR_DETERMINISTIC_EVALUATION,ALLOW_WITH_CONSTRAINTS,ALLOW_WITH_CONSTRAINTS,0,31.97609999915585,True
49,structured,without_preparation,not_prepared,ALLOW_WITH_CONSTRAINTS,ALLOW_WITH_CONSTRAINTS,1,16.56149999325862,True
50,missing_evidence,without_preparation,not_prepared,REQUIRE_EVIDENCE,REQUIRE_EVIDENCE,1,13.265000001410954,True
50,missing_evidence,with_preparation,REQUIRE_INPUT_OR_EVIDENCE,REQUIRE_EVIDENCE,REQUIRE_EVIDENCE,0,6.237300003704149,True
51,mandatory_block,without_preparation,not_prepared,DENY,DENY,1,13.71340000332566,True
51,mandatory_block,with_preparation,BLOCKED_BY_MANDATORY_CHECK,DENY,DENY,0,8.093800002825446,True
52,model_needed,with_preparation,READY_FOR_MODEL,ALLOW_WITH_CONSTRAINTS,ALLOW_WITH_CONSTRAINTS,1,33.256800001254305,True
52,model_needed,without_preparation,not_prepared,ALLOW_WITH_CONSTRAINTS,ALLOW_WITH_CONSTRAINTS,1,14.866999998048414,True
53,structured,with_preparation,READY_FOR_DETERMINISTIC_EVALUATION,ALLOW_WITH_CONSTRAINTS,ALLOW_WITH_CONSTRAINTS,0,34.10559999610996,True
53,structured,without_preparation,not_prepared,ALLOW_WITH_CONSTRAINTS,ALLOW_WITH_CONSTRAINTS,1,18.41710000007879,True
54,missing_evidence,with_preparation,REQUIRE_INPUT_OR_EVIDENCE,REQUIRE_EVIDENCE,REQUIRE_EVIDENCE,0,7.447399999364279,True
54,missing_evidence,without_preparation,not_prepared,REQUIRE_EVIDENCE,REQUIRE_EVIDENCE,1,12.889799996628426,True
55,mandatory_block,with_preparation,BLOCKED_BY_MANDATORY_CHECK,DENY,DENY,0,7.624600002600346,True
55,mandatory_block,without_preparation,not_prepared,DENY,DENY,1,14.610199999879114,True
56,model_needed,without_preparation,not_prepared,ALLOW_WITH_CONSTRAINTS,ALLOW_WITH_CONSTRAINTS,1,14.860099996440113,True
56,model_needed,with_preparation,READY_FOR_MODEL,ALLOW_WITH_CONSTRAINTS,ALLOW_WITH_CONSTRAINTS,1,29.985799999849405,True
57,structured,with_preparation,READY_FOR_DETERMINISTIC_EVALUATION,ALLOW_WITH_CONSTRAINTS,ALLOW_WITH_CONSTRAINTS,0,29.163400002289563,True
57,structured,without_preparation,not_prepared,ALLOW_WITH_CONSTRAINTS,ALLOW_WITH_CONSTRAINTS,1,14.805200000409968,True
58,missing_evidence,with_preparation,REQUIRE_INPUT_OR_EVIDENCE,REQUIRE_EVIDENCE,REQUIRE_EVIDENCE,0,8.559499998227693,True
58,missing_evidence,without_preparation,not_prepared,REQUIRE_EVIDENCE,REQUIRE_EVIDENCE,1,12.564199998450931,True
59,mandatory_block,without_preparation,not_prepared,DENY,DENY,1,13.462200004141778,True
59,mandatory_block,with_preparation,BLOCKED_BY_MANDATORY_CHECK,DENY,DENY,0,8.00389999494655,True
60,model_needed,with_preparation,READY_FOR_MODEL,ALLOW_WITH_CONSTRAINTS,ALLOW_WITH_CONSTRAINTS,1,29.746200001682155,True
60,model_needed,without_preparation,not_prepared,ALLOW_WITH_CONSTRAINTS,ALLOW_WITH_CONSTRAINTS,1,19.080899997788947,True
61,structured,with_preparation,READY_FOR_DETERMINISTIC_EVALUATION,ALLOW_WITH_CONSTRAINTS,ALLOW_WITH_CONSTRAINTS,0,34.388600004604086,True
61,structured,without_preparation,not_prepared,ALLOW_WITH_CONSTRAINTS,ALLOW_WITH_CONSTRAINTS,1,20.092499995371327,True
62,missing_evidence,without_preparation,not_prepared,REQUIRE_EVIDENCE,REQUIRE_EVIDENCE,1,14.541999997163657,True
62,missing_evidence,with_preparation,REQUIRE_INPUT_OR_EVIDENCE,REQUIRE_EVIDENCE,REQUIRE_EVIDENCE,0,9.170500001346227,True
63,mandatory_block,with_preparation,BLOCKED_BY_MANDATORY_CHECK,DENY,DENY,0,6.620899999688845,True
63,mandatory_block,without_preparation,not_prepared,DENY,DENY,1,13.863499996659812,True
64,model_needed,with_preparation,READY_FOR_MODEL,ALLOW_WITH_CONSTRAINTS,ALLOW_WITH_CONSTRAINTS,1,27.01139999408042,True
64,model_needed,without_preparation,not_prepared,ALLOW_WITH_CONSTRAINTS,ALLOW_WITH_CONSTRAINTS,1,16.15509999828646,True
65,structured,with_preparation,READY_FOR_DETERMINISTIC_EVALUATION,ALLOW_WITH_CONSTRAINTS,ALLOW_WITH_CONSTRAINTS,0,29.666800000995863,True
65,structured,without_preparation,not_prepared,ALLOW_WITH_CONSTRAINTS,ALLOW_WITH_CONSTRAINTS,1,14.990600000601262,True
66,missing_evidence,with_preparation,REQUIRE_INPUT_OR_EVIDENCE,REQUIRE_EVIDENCE,REQUIRE_EVIDENCE,0,8.543500000087079,True
66,missing_evidence,without_preparation,not_prepared,REQUIRE_EVIDENCE,REQUIRE_EVIDENCE,1,13.732799998251721,True
67,mandatory_block,without_preparation,not_prepared,DENY,DENY,1,14.759499994397629,True
67,mandatory_block,with_preparation,BLOCKED_BY_MANDATORY_CHECK,DENY,DENY,0,8.724100000108592,True
68,model_needed,with_preparation,READY_FOR_MODEL,ALLOW_WITH_CONSTRAINTS,ALLOW_WITH_CONSTRAINTS,1,33.871899999212474,True
68,model_needed,without_preparation,not_prepared,ALLOW_WITH_CONSTRAINTS,ALLOW_WITH_CONSTRAINTS,1,16.392800003814045,True
69,structured,with_preparation,READY_FOR_DETERMINISTIC_EVALUATION,ALLOW_WITH_CONSTRAINTS,ALLOW_WITH_CONSTRAINTS,0,34.84049999678973,True
69,structured,without_preparation,not_prepared,ALLOW_WITH_CONSTRAINTS,ALLOW_WITH_CONSTRAINTS,1,15.357899996160995,True
70,missing_evidence,without_preparation,not_prepared,REQUIRE_EVIDENCE,REQUIRE_EVIDENCE,1,12.546800004201941,True
70,missing_evidence,with_preparation,REQUIRE_INPUT_OR_EVIDENCE,REQUIRE_EVIDENCE,REQUIRE_EVIDENCE,0,6.049800002074335,True
71,mandatory_block,without_preparation,not_prepared,DENY,DENY,1,13.44529999914812,True
71,mandatory_block,with_preparation,BLOCKED_BY_MANDATORY_CHECK,DENY,DENY,0,7.06470000295667,True
72,model_needed,without_preparation,not_prepared,ALLOW_WITH_CONSTRAINTS,ALLOW_WITH_CONSTRAINTS,1,14.830799998890143,True
72,model_needed,with_preparation,READY_FOR_MODEL,ALLOW_WITH_CONSTRAINTS,ALLOW_WITH_CONSTRAINTS,1,29.545099998358637,True
73,structured,without_preparation,not_prepared,ALLOW_WITH_CONSTRAINTS,ALLOW_WITH_CONSTRAINTS,1,17.171600004076026,True
73,structured,with_preparation,READY_FOR_DETERMINISTIC_EVALUATION,ALLOW_WITH_CONSTRAINTS,ALLOW_WITH_CONSTRAINTS,0,31.532100001641084,True
74,missing_evidence,with_preparation,REQUIRE_INPUT_OR_EVIDENCE,REQUIRE_EVIDENCE,REQUIRE_EVIDENCE,0,6.370800001604948,True
74,missing_evidence,without_preparation,not_prepared,REQUIRE_EVIDENCE,REQUIRE_EVIDENCE,1,14.86760000261711,True
75,mandatory_block,with_preparation,BLOCKED_BY_MANDATORY_CHECK,DENY,DENY,0,8.505199999490287,True
75,mandatory_block,without_preparation,not_prepared,DENY,DENY,1,15.82570000027772,True
76,model_needed,with_preparation,READY_FOR_MODEL,ALLOW_WITH_CONSTRAINTS,ALLOW_WITH_CONSTRAINTS,1,33.66929999901913,True
76,model_needed,without_preparation,not_prepared,ALLOW_WITH_CONSTRAINTS,ALLOW_WITH_CONSTRAINTS,1,15.916399999696296,True
77,structured,with_preparation,READY_FOR_DETERMINISTIC_EVALUATION,ALLOW_WITH_CONSTRAINTS,ALLOW_WITH_CONSTRAINTS,0,33.45640000043204,True
77,structured,without_preparation,not_prepared,ALLOW_WITH_CONSTRAINTS,ALLOW_WITH_CONSTRAINTS,1,15.03210000373656,True
78,missing_evidence,without_preparation,not_prepared,REQUIRE_EVIDENCE,REQUIRE_EVIDENCE,1,13.735799999267329,True
78,missing_evidence,with_preparation,REQUIRE_INPUT_OR_EVIDENCE,REQUIRE_EVIDENCE,REQUIRE_EVIDENCE,0,6.7925000039394945,True
79,mandatory_block,without_preparation,not_prepared,DENY,DENY,1,15.913900002487935,True
79,mandatory_block,with_preparation,BLOCKED_BY_MANDATORY_CHECK,DENY,DENY,0,8.329600001161452,True
80,model_needed,with_preparation,READY_FOR_MODEL,ALLOW_WITH_CONSTRAINTS,ALLOW_WITH_CONSTRAINTS,1,37.35710000182735,True
80,model_needed,without_preparation,not_prepared,ALLOW_WITH_CONSTRAINTS,ALLOW_WITH_CONSTRAINTS,1,17.469400001573376,True
81,structured,without_preparation,not_prepared,ALLOW_WITH_CONSTRAINTS,ALLOW_WITH_CONSTRAINTS,1,14.596499997423962,True
81,structured,with_preparation,READY_FOR_DETERMINISTIC_EVALUATION,ALLOW_WITH_CONSTRAINTS,ALLOW_WITH_CONSTRAINTS,0,33.42329999577487,True
82,missing_evidence,with_preparation,REQUIRE_INPUT_OR_EVIDENCE,REQUIRE_EVIDENCE,REQUIRE_EVIDENCE,0,7.058299997879658,True
82,missing_evidence,without_preparation,not_prepared,REQUIRE_EVIDENCE,REQUIRE_EVIDENCE,1,14.980500003730413,True
83,mandatory_block,with_preparation,BLOCKED_BY_MANDATORY_CHECK,DENY,DENY,0,7.390200000372715,True
83,mandatory_block,without_preparation,not_prepared,DENY,DENY,1,15.531900004134513,True
84,model_needed,with_preparation,READY_FOR_MODEL,ALLOW_WITH_CONSTRAINTS,ALLOW_WITH_CONSTRAINTS,1,33.44970000034664,True
84,model_needed,without_preparation,not_prepared,ALLOW_WITH_CONSTRAINTS,ALLOW_WITH_CONSTRAINTS,1,14.90409999678377,True
85,structured,without_preparation,not_prepared,ALLOW_WITH_CONSTRAINTS,ALLOW_WITH_CONSTRAINTS,1,14.801299999817275,True
85,structured,with_preparation,READY_FOR_DETERMINISTIC_EVALUATION,ALLOW_WITH_CONSTRAINTS,ALLOW_WITH_CONSTRAINTS,0,29.410499999357853,True
86,missing_evidence,with_preparation,REQUIRE_INPUT_OR_EVIDENCE,REQUIRE_EVIDENCE,REQUIRE_EVIDENCE,0,7.190800002717879,True
86,missing_evidence,without_preparation,not_prepared,REQUIRE_EVIDENCE,REQUIRE_EVIDENCE,1,12.93469999654917,True
87,mandatory_block,without_preparation,not_prepared,DENY,DENY,1,14.349100005347282,True
87,mandatory_block,with_preparation,BLOCKED_BY_MANDATORY_CHECK,DENY,DENY,0,7.2392000001855195,True
88,model_needed,without_preparation,not_prepared,ALLOW_WITH_CONSTRAINTS,ALLOW_WITH_CONSTRAINTS,1,16.090699995402247,True
88,model_needed,with_preparation,READY_FOR_MODEL,ALLOW_WITH_CONSTRAINTS,ALLOW_WITH_CONSTRAINTS,1,28.401499999745283,True
89,structured,without_preparation,not_prepared,ALLOW_WITH_CONSTRAINTS,ALLOW_WITH_CONSTRAINTS,1,16.360099994926713,True
89,structured,with_preparation,READY_FOR_DETERMINISTIC_EVALUATION,ALLOW_WITH_CONSTRAINTS,ALLOW_WITH_CONSTRAINTS,0,36.1858000032953,True
90,missing_evidence,with_preparation,REQUIRE_INPUT_OR_EVIDENCE,REQUIRE_EVIDENCE,REQUIRE_EVIDENCE,0,6.598200001462828,True
90,missing_evidence,without_preparation,not_prepared,REQUIRE_EVIDENCE,REQUIRE_EVIDENCE,1,16.657100000884384,True
91,mandatory_block,without_preparation,not_prepared,DENY,DENY,1,17.39399999496527,True
91,mandatory_block,with_preparation,BLOCKED_BY_MANDATORY_CHECK,DENY,DENY,0,6.565900002897251,True
92,model_needed,without_preparation,not_prepared,ALLOW_WITH_CONSTRAINTS,ALLOW_WITH_CONSTRAINTS,1,15.177199995378032,True
92,model_needed,with_preparation,READY_FOR_MODEL,ALLOW_WITH_CONSTRAINTS,ALLOW_WITH_CONSTRAINTS,1,27.420800004620105,True
93,structured,with_preparation,READY_FOR_DETERMINISTIC_EVALUATION,ALLOW_WITH_CONSTRAINTS,ALLOW_WITH_CONSTRAINTS,0,29.644999995070975,True
93,structured,without_preparation,not_prepared,ALLOW_WITH_CONSTRAINTS,ALLOW_WITH_CONSTRAINTS,1,18.532499998400453,True
94,missing_evidence,with_preparation,REQUIRE_INPUT_OR_EVIDENCE,REQUIRE_EVIDENCE,REQUIRE_EVIDENCE,0,7.436599997163285,True
94,missing_evidence,without_preparation,not_prepared,REQUIRE_EVIDENCE,REQUIRE_EVIDENCE,1,13.187700002163183,True
95,mandatory_block,without_preparation,not_prepared,DENY,DENY,1,12.627099997189362,True
95,mandatory_block,with_preparation,BLOCKED_BY_MANDATORY_CHECK,DENY,DENY,0,6.490199994004797,True
96,model_needed,without_preparation,not_prepared,ALLOW_WITH_CONSTRAINTS,ALLOW_WITH_CONSTRAINTS,1,15.219600005366374,True
96,model_needed,with_preparation,READY_FOR_MODEL,ALLOW_WITH_CONSTRAINTS,ALLOW_WITH_CONSTRAINTS,1,32.323200000973884,True
97,structured,without_preparation,not_prepared,ALLOW_WITH_CONSTRAINTS,ALLOW_WITH_CONSTRAINTS,1,18.471199997293297,True
97,structured,with_preparation,READY_FOR_DETERMINISTIC_EVALUATION,ALLOW_WITH_CONSTRAINTS,ALLOW_WITH_CONSTRAINTS,0,34.54589999455493,True
98,missing_evidence,without_preparation,not_prepared,REQUIRE_EVIDENCE,REQUIRE_EVIDENCE,1,14.212699999916367,True
98,missing_evidence,with_preparation,REQUIRE_INPUT_OR_EVIDENCE,REQUIRE_EVIDENCE,REQUIRE_EVIDENCE,0,7.997699998668395,True
99,mandatory_block,without_preparation,not_prepared,DENY,DENY,1,13.721600000280887,True
99,mandatory_block,with_preparation,BLOCKED_BY_MANDATORY_CHECK,DENY,DENY,0,9.58859999809647,True
100,model_needed,with_preparation,READY_FOR_MODEL,ALLOW_WITH_CONSTRAINTS,ALLOW_WITH_CONSTRAINTS,1,30.5822000009357,True
100,model_needed,without_preparation,not_prepared,ALLOW_WITH_CONSTRAINTS,ALLOW_WITH_CONSTRAINTS,1,15.29320000554435,True
101,structured,without_preparation,not_prepared,ALLOW_WITH_CONSTRAINTS,ALLOW_WITH_CONSTRAINTS,1,16.715300000214484,True
101,structured,with_preparation,READY_FOR_DETERMINISTIC_EVALUATION,ALLOW_WITH_CONSTRAINTS,ALLOW_WITH_CONSTRAINTS,0,32.21019999909913,True
102,missing_evidence,with_preparation,REQUIRE_INPUT_OR_EVIDENCE,REQUIRE_EVIDENCE,REQUIRE_EVIDENCE,0,7.637299997441005,True
102,missing_evidence,without_preparation,not_prepared,REQUIRE_EVIDENCE,REQUIRE_EVIDENCE,1,12.32769999478478,True
103,mandatory_block,without_preparation,not_prepared,DENY,DENY,1,13.027900000452064,True
103,mandatory_block,with_preparation,BLOCKED_BY_MANDATORY_CHECK,DENY,DENY,0,7.619999996677507,True
104,model_needed,with_preparation,READY_FOR_MODEL,ALLOW_WITH_CONSTRAINTS,ALLOW_WITH_CONSTRAINTS,1,37.345600001572166,True
104,model_needed,without_preparation,not_prepared,ALLOW_WITH_CONSTRAINTS,ALLOW_WITH_CONSTRAINTS,1,15.986300000804476,True
105,structured,without_preparation,not_prepared,ALLOW_WITH_CONSTRAINTS,ALLOW_WITH_CONSTRAINTS,1,17.468499994720332,True
105,structured,with_preparation,READY_FOR_DETERMINISTIC_EVALUATION,ALLOW_WITH_CONSTRAINTS,ALLOW_WITH_CONSTRAINTS,0,34.94420000060927,True
106,missing_evidence,without_preparation,not_prepared,REQUIRE_EVIDENCE,REQUIRE_EVIDENCE,1,13.188099997933023,True
106,missing_evidence,with_preparation,REQUIRE_INPUT_OR_EVIDENCE,REQUIRE_EVIDENCE,REQUIRE_EVIDENCE,0,6.876699997519609,True
107,mandatory_block,with_preparation,BLOCKED_BY_MANDATORY_CHECK,DENY,DENY,0,7.442900001478847,True
107,mandatory_block,without_preparation,not_prepared,DENY,DENY,1,13.872000003175344,True
108,model_needed,without_preparation,not_prepared,ALLOW_WITH_CONSTRAINTS,ALLOW_WITH_CONSTRAINTS,1,14.460200000030454,True
108,model_needed,with_preparation,READY_FOR_MODEL,ALLOW_WITH_CONSTRAINTS,ALLOW_WITH_CONSTRAINTS,1,28.81300000444753,True
109,structured,without_preparation,not_prepared,ALLOW_WITH_CONSTRAINTS,ALLOW_WITH_CONSTRAINTS,1,14.617499997257255,True
109,structured,with_preparation,READY_FOR_DETERMINISTIC_EVALUATION,ALLOW_WITH_CONSTRAINTS,ALLOW_WITH_CONSTRAINTS,0,29.41380000265781,True
110,missing_evidence,without_preparation,not_prepared,REQUIRE_EVIDENCE,REQUIRE_EVIDENCE,1,12.926099996548146,True
110,missing_evidence,with_preparation,REQUIRE_INPUT_OR_EVIDENCE,REQUIRE_EVIDENCE,REQUIRE_EVIDENCE,0,8.464799997454975,True
111,mandatory_block,with_preparation,BLOCKED_BY_MANDATORY_CHECK,DENY,DENY,0,8.613600002718158,True
111,mandatory_block,without_preparation,not_prepared,DENY,DENY,1,17.396400005964097,True
112,model_needed,with_preparation,READY_FOR_MODEL,ALLOW_WITH_CONSTRAINTS,ALLOW_WITH_CONSTRAINTS,1,33.714099998178426,True
112,model_needed,without_preparation,not_prepared,ALLOW_WITH_CONSTRAINTS,ALLOW_WITH_CONSTRAINTS,1,16.697999999450985,True
113,structured,with_preparation,READY_FOR_DETERMINISTIC_EVALUATION,ALLOW_WITH_CONSTRAINTS,ALLOW_WITH_CONSTRAINTS,0,28.66379999613855,True
113,structured,without_preparation,not_prepared,ALLOW_WITH_CONSTRAINTS,ALLOW_WITH_CONSTRAINTS,1,14.692299999296665,True
114,missing_evidence,without_preparation,not_prepared,REQUIRE_EVIDENCE,REQUIRE_EVIDENCE,1,12.829899998905603,True
114,missing_evidence,with_preparation,REQUIRE_INPUT_OR_EVIDENCE,REQUIRE_EVIDENCE,REQUIRE_EVIDENCE,0,6.158100004540756,True
115,mandatory_block,without_preparation,not_prepared,DENY,DENY,1,13.765399999101646,True
115,mandatory_block,with_preparation,BLOCKED_BY_MANDATORY_CHECK,DENY,DENY,0,6.393700001353864,True
116,model_needed,with_preparation,READY_FOR_MODEL,ALLOW_WITH_CONSTRAINTS,ALLOW_WITH_CONSTRAINTS,1,31.021199996757787,True
116,model_needed,without_preparation,not_prepared,ALLOW_WITH_CONSTRAINTS,ALLOW_WITH_CONSTRAINTS,1,14.86039999872446,True
117,structured,with_preparation,READY_FOR_DETERMINISTIC_EVALUATION,ALLOW_WITH_CONSTRAINTS,ALLOW_WITH_CONSTRAINTS,0,29.28010000323411,True
117,structured,without_preparation,not_prepared,ALLOW_WITH_CONSTRAINTS,ALLOW_WITH_CONSTRAINTS,1,17.692100002022926,True
118,missing_evidence,without_preparation,not_prepared,REQUIRE_EVIDENCE,REQUIRE_EVIDENCE,1,16.17959999566665,True
118,missing_evidence,with_preparation,REQUIRE_INPUT_OR_EVIDENCE,REQUIRE_EVIDENCE,REQUIRE_EVIDENCE,0,6.648000002314802,True
119,mandatory_block,with_preparation,BLOCKED_BY_MANDATORY_CHECK,DENY,DENY,0,7.776400001603179,True
119,mandatory_block,without_preparation,not_prepared,DENY,DENY,1,14.909199999237899,True
120,model_needed,without_preparation,not_prepared,ALLOW_WITH_CONSTRAINTS,ALLOW_WITH_CONSTRAINTS,1,15.793399994436186,True
120,model_needed,with_preparation,READY_FOR_MODEL,ALLOW_WITH_CONSTRAINTS,ALLOW_WITH_CONSTRAINTS,1,27.86910000577336,True
121,structured,without_preparation,not_prepared,ALLOW_WITH_CONSTRAINTS,ALLOW_WITH_CONSTRAINTS,1,14.510299995890819,True
121,structured,with_preparation,READY_FOR_DETERMINISTIC_EVALUATION,ALLOW_WITH_CONSTRAINTS,ALLOW_WITH_CONSTRAINTS,0,30.119000002741814,True
122,missing_evidence,without_preparation,not_prepared,REQUIRE_EVIDENCE,REQUIRE_EVIDENCE,1,13.281999999890104,True
122,missing_evidence,with_preparation,REQUIRE_INPUT_OR_EVIDENCE,REQUIRE_EVIDENCE,REQUIRE_EVIDENCE,0,7.039799995254725,True
123,mandatory_block,with_preparation,BLOCKED_BY_MANDATORY_CHECK,DENY,DENY,0,7.148700002289843,True
123,mandatory_block,without_preparation,not_prepared,DENY,DENY,1,15.826300004846416,True
124,model_needed,with_preparation,READY_FOR_MODEL,ALLOW_WITH_CONSTRAINTS,ALLOW_WITH_CONSTRAINTS,1,28.079499999876134,True
124,model_needed,without_preparation,not_prepared,ALLOW_WITH_CONSTRAINTS,ALLOW_WITH_CONSTRAINTS,1,14.38830000552116,True
125,structured,without_preparation,not_prepared,ALLOW_WITH_CONSTRAINTS,ALLOW_WITH_CONSTRAINTS,1,20.53209999576211,True
125,structured,with_preparation,READY_FOR_DETERMINISTIC_EVALUATION,ALLOW_WITH_CONSTRAINTS,ALLOW_WITH_CONSTRAINTS,0,34.41529999690829,True
126,missing_evidence,with_preparation,REQUIRE_INPUT_OR_EVIDENCE,REQUIRE_EVIDENCE,REQUIRE_EVIDENCE,0,8.023899994441308,True
126,missing_evidence,without_preparation,not_prepared,REQUIRE_EVIDENCE,REQUIRE_EVIDENCE,1,14.809200001764111,True
127,mandatory_block,without_preparation,not_prepared,DENY,DENY,1,15.693300003476907,True
127,mandatory_block,with_preparation,BLOCKED_BY_MANDATORY_CHECK,DENY,DENY,0,7.377200003247708,True
128,model_needed,with_preparation,READY_FOR_MODEL,ALLOW_WITH_CONSTRAINTS,ALLOW_WITH_CONSTRAINTS,1,31.834800000069663,True
128,model_needed,without_preparation,not_prepared,ALLOW_WITH_CONSTRAINTS,ALLOW_WITH_CONSTRAINTS,1,14.805300001171418,True
129,structured,without_preparation,not_prepared,ALLOW_WITH_CONSTRAINTS,ALLOW_WITH_CONSTRAINTS,1,14.433600001211744,True
129,structured,with_preparation,READY_FOR_DETERMINISTIC_EVALUATION,ALLOW_WITH_CONSTRAINTS,ALLOW_WITH_CONSTRAINTS,0,34.49230000114767,True
130,missing_evidence,without_preparation,not_prepared,REQUIRE_EVIDENCE,REQUIRE_EVIDENCE,1,13.269099996250588,True
130,missing_evidence,with_preparation,REQUIRE_INPUT_OR_EVIDENCE,REQUIRE_EVIDENCE,REQUIRE_EVIDENCE,0,8.68120000086492,True
131,mandatory_block,with_preparation,BLOCKED_BY_MANDATORY_CHECK,DENY,DENY,0,7.724700000835583,True
131,mandatory_block,without_preparation,not_prepared,DENY,DENY,1,14.825199999904726,True
132,model_needed,without_preparation,not_prepared,ALLOW_WITH_CONSTRAINTS,ALLOW_WITH_CONSTRAINTS,1,21.360400001867674,True
132,model_needed,with_preparation,READY_FOR_MODEL,ALLOW_WITH_CONSTRAINTS,ALLOW_WITH_CONSTRAINTS,1,36.28699999535456,True
133,structured,without_preparation,not_prepared,ALLOW_WITH_CONSTRAINTS,ALLOW_WITH_CONSTRAINTS,1,17.661199999565724,True
133,structured,with_preparation,READY_FOR_DETERMINISTIC_EVALUATION,ALLOW_WITH_CONSTRAINTS,ALLOW_WITH_CONSTRAINTS,0,39.34950000257231,True
134,missing_evidence,without_preparation,not_prepared,REQUIRE_EVIDENCE,REQUIRE_EVIDENCE,1,13.740900001721457,True
134,missing_evidence,with_preparation,REQUIRE_INPUT_OR_EVIDENCE,REQUIRE_EVIDENCE,REQUIRE_EVIDENCE,0,7.545100001152605,True
135,mandatory_block,with_preparation,BLOCKED_BY_MANDATORY_CHECK,DENY,DENY,0,6.186000005982351,True
135,mandatory_block,without_preparation,not_prepared,DENY,DENY,1,13.736599998082966,True
136,model_needed,without_preparation,not_prepared,ALLOW_WITH_CONSTRAINTS,ALLOW_WITH_CONSTRAINTS,1,14.607299999624956,True
136,model_needed,with_preparation,READY_FOR_MODEL,ALLOW_WITH_CONSTRAINTS,ALLOW_WITH_CONSTRAINTS,1,29.109999995853286,True
137,structured,with_preparation,READY_FOR_DETERMINISTIC_EVALUATION,ALLOW_WITH_CONSTRAINTS,ALLOW_WITH_CONSTRAINTS,0,28.67629999673227,True
137,structured,without_preparation,not_prepared,ALLOW_WITH_CONSTRAINTS,ALLOW_WITH_CONSTRAINTS,1,14.557000002241693,True
138,missing_evidence,with_preparation,REQUIRE_INPUT_OR_EVIDENCE,REQUIRE_EVIDENCE,REQUIRE_EVIDENCE,0,6.405100000847597,True
138,missing_evidence,without_preparation,not_prepared,REQUIRE_EVIDENCE,REQUIRE_EVIDENCE,1,13.767800002824515,True
139,mandatory_block,with_preparation,BLOCKED_BY_MANDATORY_CHECK,DENY,DENY,0,8.179099997505546,True
139,mandatory_block,without_preparation,not_prepared,DENY,DENY,1,14.948100004403386,True
140,model_needed,without_preparation,not_prepared,ALLOW_WITH_CONSTRAINTS,ALLOW_WITH_CONSTRAINTS,1,18.24050000141142,True
140,model_needed,with_preparation,READY_FOR_MODEL,ALLOW_WITH_CONSTRAINTS,ALLOW_WITH_CONSTRAINTS,1,31.17230000498239,True
141,structured,with_preparation,READY_FOR_DETERMINISTIC_EVALUATION,ALLOW_WITH_CONSTRAINTS,ALLOW_WITH_CONSTRAINTS,0,31.87199999956647,True
141,structured,without_preparation,not_prepared,ALLOW_WITH_CONSTRAINTS,ALLOW_WITH_CONSTRAINTS,1,14.389300005859695,True
142,missing_evidence,without_preparation,not_prepared,REQUIRE_EVIDENCE,REQUIRE_EVIDENCE,1,14.701499996590428,True
142,missing_evidence,with_preparation,REQUIRE_INPUT_OR_EVIDENCE,REQUIRE_EVIDENCE,REQUIRE_EVIDENCE,0,8.3228000003146,True
143,mandatory_block,with_preparation,BLOCKED_BY_MANDATORY_CHECK,DENY,DENY,0,7.8951000032247975,True
143,mandatory_block,without_preparation,not_prepared,DENY,DENY,1,16.269499996269587,True
144,model_needed,without_preparation,not_prepared,ALLOW_WITH_CONSTRAINTS,ALLOW_WITH_CONSTRAINTS,1,16.077199994469993,True
144,model_needed,with_preparation,READY_FOR_MODEL,ALLOW_WITH_CONSTRAINTS,ALLOW_WITH_CONSTRAINTS,1,38.37339999881806,True
145,structured,without_preparation,not_prepared,ALLOW_WITH_CONSTRAINTS,ALLOW_WITH_CONSTRAINTS,1,17.731199994159397,True
145,structured,with_preparation,READY_FOR_DETERMINISTIC_EVALUATION,ALLOW_WITH_CONSTRAINTS,ALLOW_WITH_CONSTRAINTS,0,40.4497999988962,True
146,missing_evidence,with_preparation,REQUIRE_INPUT_OR_EVIDENCE,REQUIRE_EVIDENCE,REQUIRE_EVIDENCE,0,7.591699999466073,True
146,missing_evidence,without_preparation,not_prepared,REQUIRE_EVIDENCE,REQUIRE_EVIDENCE,1,14.782400001422502,True
147,mandatory_block,with_preparation,BLOCKED_BY_MANDATORY_CHECK,DENY,DENY,0,6.772299995645881,True
147,mandatory_block,without_preparation,not_prepared,DENY,DENY,1,15.362900005129632,True
148,model_needed,with_preparation,READY_FOR_MODEL,ALLOW_WITH_CONSTRAINTS,ALLOW_WITH_CONSTRAINTS,1,29.184200000599958,True
148,model_needed,without_preparation,not_prepared,ALLOW_WITH_CONSTRAINTS,ALLOW_WITH_CONSTRAINTS,1,14.42759999918053,True
149,structured,without_preparation,not_prepared,ALLOW_WITH_CONSTRAINTS,ALLOW_WITH_CONSTRAINTS,1,15.31299999624025,True
149,structured,with_preparation,READY_FOR_DETERMINISTIC_EVALUATION,ALLOW_WITH_CONSTRAINTS,ALLOW_WITH_CONSTRAINTS,0,28.47209999890765,True
150,missing_evidence,without_preparation,not_prepared,REQUIRE_EVIDENCE,REQUIRE_EVIDENCE,1,13.044899998931214,True
150,missing_evidence,with_preparation,REQUIRE_INPUT_OR_EVIDENCE,REQUIRE_EVIDENCE,REQUIRE_EVIDENCE,0,7.1229000022867694,True
151,mandatory_block,without_preparation,not_prepared,DENY,DENY,1,17.329100002825726,True
151,mandatory_block,with_preparation,BLOCKED_BY_MANDATORY_CHECK,DENY,DENY,0,7.198999999673106,True
152,model_needed,without_preparation,not_prepared,ALLOW_WITH_CONSTRAINTS,ALLOW_WITH_CONSTRAINTS,1,16.166599998541642,True
152,model_needed,with_preparation,READY_FOR_MODEL,ALLOW_WITH_CONSTRAINTS,ALLOW_WITH_CONSTRAINTS,1,36.57039999961853,True
153,structured,without_preparation,not_prepared,ALLOW_WITH_CONSTRAINTS,ALLOW_WITH_CONSTRAINTS,1,16.87369999854127,True
153,structured,with_preparation,READY_FOR_DETERMINISTIC_EVALUATION,ALLOW_WITH_CONSTRAINTS,ALLOW_WITH_CONSTRAINTS,0,37.18990000197664,True
154,missing_evidence,with_preparation,REQUIRE_INPUT_OR_EVIDENCE,REQUIRE_EVIDENCE,REQUIRE_EVIDENCE,0,8.268600002338644,True
154,missing_evidence,without_preparation,not_prepared,REQUIRE_EVIDENCE,REQUIRE_EVIDENCE,1,17.334100004518405,True
155,mandatory_block,with_preparation,BLOCKED_BY_MANDATORY_CHECK,DENY,DENY,0,7.290000001376029,True
155,mandatory_block,without_preparation,not_prepared,DENY,DENY,1,13.027100001636427,True
156,model_needed,without_preparation,not_prepared,ALLOW_WITH_CONSTRAINTS,ALLOW_WITH_CONSTRAINTS,1,15.256999999110121,True
156,model_needed,with_preparation,READY_FOR_MODEL,ALLOW_WITH_CONSTRAINTS,ALLOW_WITH_CONSTRAINTS,1,27.367500006221235,True
157,structured,without_preparation,not_prepared,ALLOW_WITH_CONSTRAINTS,ALLOW_WITH_CONSTRAINTS,1,14.419500002986751,True
157,structured,with_preparation,READY_FOR_DETERMINISTIC_EVALUATION,ALLOW_WITH_CONSTRAINTS,ALLOW_WITH_CONSTRAINTS,0,29.032699996605515,True
158,missing_evidence,with_preparation,REQUIRE_INPUT_OR_EVIDENCE,REQUIRE_EVIDENCE,REQUIRE_EVIDENCE,0,7.27319999714382,True
158,missing_evidence,without_preparation,not_prepared,REQUIRE_EVIDENCE,REQUIRE_EVIDENCE,1,11.825300003692973,True
159,mandatory_block,without_preparation,not_prepared,DENY,DENY,1,13.03409999673022,True
159,mandatory_block,with_preparation,BLOCKED_BY_MANDATORY_CHECK,DENY,DENY,0,7.414500003505964,True
160,model_needed,without_preparation,not_prepared,ALLOW_WITH_CONSTRAINTS,ALLOW_WITH_CONSTRAINTS,1,16.375400002289098,True
160,model_needed,with_preparation,READY_FOR_MODEL,ALLOW_WITH_CONSTRAINTS,ALLOW_WITH_CONSTRAINTS,1,37.75400000449736,True
161,structured,without_preparation,not_prepared,ALLOW_WITH_CONSTRAINTS,ALLOW_WITH_CONSTRAINTS,1,18.716300000960473,True
161,structured,with_preparation,READY_FOR_DETERMINISTIC_EVALUATION,ALLOW_WITH_CONSTRAINTS,ALLOW_WITH_CONSTRAINTS,0,35.70849999960046,True
162,missing_evidence,with_preparation,REQUIRE_INPUT_OR_EVIDENCE,REQUIRE_EVIDENCE,REQUIRE_EVIDENCE,0,7.1922999995877035,True
162,missing_evidence,without_preparation,not_prepared,REQUIRE_EVIDENCE,REQUIRE_EVIDENCE,1,13.14490000368096,True
163,mandatory_block,with_preparation,BLOCKED_BY_MANDATORY_CHECK,DENY,DENY,0,6.781200005207211,True
163,mandatory_block,without_preparation,not_prepared,DENY,DENY,1,15.739499998744577,True
164,model_needed,with_preparation,READY_FOR_MODEL,ALLOW_WITH_CONSTRAINTS,ALLOW_WITH_CONSTRAINTS,1,31.20430000126362,True
164,model_needed,without_preparation,not_prepared,ALLOW_WITH_CONSTRAINTS,ALLOW_WITH_CONSTRAINTS,1,17.24590000230819,True
165,structured,without_preparation,not_prepared,ALLOW_WITH_CONSTRAINTS,ALLOW_WITH_CONSTRAINTS,1,17.336299999442417,True
165,structured,with_preparation,READY_FOR_DETERMINISTIC_EVALUATION,ALLOW_WITH_CONSTRAINTS,ALLOW_WITH_CONSTRAINTS,0,30.837400001473725,True
166,missing_evidence,with_preparation,REQUIRE_INPUT_OR_EVIDENCE,REQUIRE_EVIDENCE,REQUIRE_EVIDENCE,0,7.216300000436604,True
166,missing_evidence,without_preparation,not_prepared,REQUIRE_EVIDENCE,REQUIRE_EVIDENCE,1,14.00590000412194,True
167,mandatory_block,with_preparation,BLOCKED_BY_MANDATORY_CHECK,DENY,DENY,0,9.269100002711639,True
167,mandatory_block,without_preparation,not_prepared,DENY,DENY,1,16.28740000160178,True
168,model_needed,without_preparation,not_prepared,ALLOW_WITH_CONSTRAINTS,ALLOW_WITH_CONSTRAINTS,1,17.41770000080578,True
168,model_needed,with_preparation,READY_FOR_MODEL,ALLOW_WITH_CONSTRAINTS,ALLOW_WITH_CONSTRAINTS,1,34.99339999689255,True
169,structured,with_preparation,READY_FOR_DETERMINISTIC_EVALUATION,ALLOW_WITH_CONSTRAINTS,ALLOW_WITH_CONSTRAINTS,0,33.656100000371225,True
169,structured,without_preparation,not_prepared,ALLOW_WITH_CONSTRAINTS,ALLOW_WITH_CONSTRAINTS,1,14.409799994609784,True
170,missing_evidence,with_preparation,REQUIRE_INPUT_OR_EVIDENCE,REQUIRE_EVIDENCE,REQUIRE_EVIDENCE,0,6.279199995333329,True
170,missing_evidence,without_preparation,not_prepared,REQUIRE_EVIDENCE,REQUIRE_EVIDENCE,1,13.022999999520835,True
171,mandatory_block,with_preparation,BLOCKED_BY_MANDATORY_CHECK,DENY,DENY,0,6.892999997944571,True
171,mandatory_block,without_preparation,not_prepared,DENY,DENY,1,15.88429999537766,True
172,model_needed,without_preparation,not_prepared,ALLOW_WITH_CONSTRAINTS,ALLOW_WITH_CONSTRAINTS,1,15.76059999933932,True
172,model_needed,with_preparation,READY_FOR_MODEL,ALLOW_WITH_CONSTRAINTS,ALLOW_WITH_CONSTRAINTS,1,27.59140000125626,True
173,structured,without_preparation,not_prepared,ALLOW_WITH_CONSTRAINTS,ALLOW_WITH_CONSTRAINTS,1,16.970700002275407,True
173,structured,with_preparation,READY_FOR_DETERMINISTIC_EVALUATION,ALLOW_WITH_CONSTRAINTS,ALLOW_WITH_CONSTRAINTS,0,31.461799997487105,True
174,missing_evidence,with_preparation,REQUIRE_INPUT_OR_EVIDENCE,REQUIRE_EVIDENCE,REQUIRE_EVIDENCE,0,7.765400005155243,True
174,missing_evidence,without_preparation,not_prepared,REQUIRE_EVIDENCE,REQUIRE_EVIDENCE,1,17.19089999824064,True
175,mandatory_block,without_preparation,not_prepared,DENY,DENY,1,17.87719999992987,True
175,mandatory_block,with_preparation,BLOCKED_BY_MANDATORY_CHECK,DENY,DENY,0,8.264399999461602,True
176,model_needed,with_preparation,READY_FOR_MODEL,ALLOW_WITH_CONSTRAINTS,ALLOW_WITH_CONSTRAINTS,1,36.35080000094604,True
176,model_needed,without_preparation,not_prepared,ALLOW_WITH_CONSTRAINTS,ALLOW_WITH_CONSTRAINTS,1,14.796899995417334,True
177,structured,with_preparation,READY_FOR_DETERMINISTIC_EVALUATION,ALLOW_WITH_CONSTRAINTS,ALLOW_WITH_CONSTRAINTS,0,30.174400002579205,True
177,structured,without_preparation,not_prepared,ALLOW_WITH_CONSTRAINTS,ALLOW_WITH_CONSTRAINTS,1,18.259499993291683,True
178,missing_evidence,with_preparation,REQUIRE_INPUT_OR_EVIDENCE,REQUIRE_EVIDENCE,REQUIRE_EVIDENCE,0,6.367999994836282,True
178,missing_evidence,without_preparation,not_prepared,REQUIRE_EVIDENCE,REQUIRE_EVIDENCE,1,13.842800006386824,True
179,mandatory_block,without_preparation,not_prepared,DENY,DENY,1,14.883999996527564,True
179,mandatory_block,with_preparation,BLOCKED_BY_MANDATORY_CHECK,DENY,DENY,0,7.53660000191303,True
180,model_needed,without_preparation,not_prepared,ALLOW_WITH_CONSTRAINTS,ALLOW_WITH_CONSTRAINTS,1,15.871399999014102,True
180,model_needed,with_preparation,READY_FOR_MODEL,ALLOW_WITH_CONSTRAINTS,ALLOW_WITH_CONSTRAINTS,1,30.934100002923515,True
181,structured,without_preparation,not_prepared,ALLOW_WITH_CONSTRAINTS,ALLOW_WITH_CONSTRAINTS,1,18.095500003255438,True
181,structured,with_preparation,READY_FOR_DETERMINISTIC_EVALUATION,ALLOW_WITH_CONSTRAINTS,ALLOW_WITH_CONSTRAINTS,0,36.286399998061825,True
182,missing_evidence,with_preparation,REQUIRE_INPUT_OR_EVIDENCE,REQUIRE_EVIDENCE,REQUIRE_EVIDENCE,0,9.155400002782699,True
182,missing_evidence,without_preparation,not_prepared,REQUIRE_EVIDENCE,REQUIRE_EVIDENCE,1,14.462999999523163,True
183,mandatory_block,with_preparation,BLOCKED_BY_MANDATORY_CHECK,DENY,DENY,0,8.048399999097455,True
183,mandatory_block,without_preparation,not_prepared,DENY,DENY,1,15.903500003332738,True
184,model_needed,with_preparation,READY_FOR_MODEL,ALLOW_WITH_CONSTRAINTS,ALLOW_WITH_CONSTRAINTS,1,28.737499997077975,True
184,model_needed,without_preparation,not_prepared,ALLOW_WITH_CONSTRAINTS,ALLOW_WITH_CONSTRAINTS,1,14.510699998936616,True
185,structured,without_preparation,not_prepared,ALLOW_WITH_CONSTRAINTS,ALLOW_WITH_CONSTRAINTS,1,17.72010000422597,True
185,structured,with_preparation,READY_FOR_DETERMINISTIC_EVALUATION,ALLOW_WITH_CONSTRAINTS,ALLOW_WITH_CONSTRAINTS,0,31.622699993022252,True
186,missing_evidence,without_preparation,not_prepared,REQUIRE_EVIDENCE,REQUIRE_EVIDENCE,1,13.04820000223117,True
186,missing_evidence,with_preparation,REQUIRE_INPUT_OR_EVIDENCE,REQUIRE_EVIDENCE,REQUIRE_EVIDENCE,0,7.12059999932535,True
187,mandatory_block,with_preparation,BLOCKED_BY_MANDATORY_CHECK,DENY,DENY,0,7.711499994911719,True
187,mandatory_block,without_preparation,not_prepared,DENY,DENY,1,16.170000002603047,True
188,model_needed,without_preparation,not_prepared,ALLOW_WITH_CONSTRAINTS,ALLOW_WITH_CONSTRAINTS,1,21.046599998953752,True
188,model_needed,with_preparation,READY_FOR_MODEL,ALLOW_WITH_CONSTRAINTS,ALLOW_WITH_CONSTRAINTS,1,36.69120000267867,True
189,structured,without_preparation,not_prepared,ALLOW_WITH_CONSTRAINTS,ALLOW_WITH_CONSTRAINTS,1,17.22880000306759,True
189,structured,with_preparation,READY_FOR_DETERMINISTIC_EVALUATION,ALLOW_WITH_CONSTRAINTS,ALLOW_WITH_CONSTRAINTS,0,40.004599999519996,True
190,missing_evidence,with_preparation,REQUIRE_INPUT_OR_EVIDENCE,REQUIRE_EVIDENCE,REQUIRE_EVIDENCE,0,10.326800002076197,True
190,missing_evidence,without_preparation,not_prepared,REQUIRE_EVIDENCE,REQUIRE_EVIDENCE,1,11.64009999774862,True
191,mandatory_block,with_preparation,BLOCKED_BY_MANDATORY_CHECK,DENY,DENY,0,9.071100001165178,True
191,mandatory_block,without_preparation,not_prepared,DENY,DENY,1,14.359100001456682,True
192,model_needed,with_preparation,READY_FOR_MODEL,ALLOW_WITH_CONSTRAINTS,ALLOW_WITH_CONSTRAINTS,1,31.331300000601914,True
192,model_needed,without_preparation,not_prepared,ALLOW_WITH_CONSTRAINTS,ALLOW_WITH_CONSTRAINTS,1,14.905199997883756,True
193,structured,with_preparation,READY_FOR_DETERMINISTIC_EVALUATION,ALLOW_WITH_CONSTRAINTS,ALLOW_WITH_CONSTRAINTS,0,29.505900005460717,True
193,structured,without_preparation,not_prepared,ALLOW_WITH_CONSTRAINTS,ALLOW_WITH_CONSTRAINTS,1,14.822199998889118,True
194,missing_evidence,without_preparation,not_prepared,REQUIRE_EVIDENCE,REQUIRE_EVIDENCE,1,14.297299996542279,True
194,missing_evidence,with_preparation,REQUIRE_INPUT_OR_EVIDENCE,REQUIRE_EVIDENCE,REQUIRE_EVIDENCE,0,8.03520000044955,True
195,mandatory_block,without_preparation,not_prepared,DENY,DENY,1,18.983800000569317,True
195,mandatory_block,with_preparation,BLOCKED_BY_MANDATORY_CHECK,DENY,DENY,0,9.995799999160226,True
196,model_needed,without_preparation,not_prepared,ALLOW_WITH_CONSTRAINTS,ALLOW_WITH_CONSTRAINTS,1,17.056400000001304,True
196,model_needed,with_preparation,READY_FOR_MODEL,ALLOW_WITH_CONSTRAINTS,ALLOW_WITH_CONSTRAINTS,1,33.90570000192383,True
197,structured,without_preparation,not_prepared,ALLOW_WITH_CONSTRAINTS,ALLOW_WITH_CONSTRAINTS,1,17.800699999497738,True
197,structured,with_preparation,READY_FOR_DETERMINISTIC_EVALUATION,ALLOW_WITH_CONSTRAINTS,ALLOW_WITH_CONSTRAINTS,0,28.493099998740945,True
198,missing_evidence,with_preparation,REQUIRE_INPUT_OR_EVIDENCE,REQUIRE_EVIDENCE,REQUIRE_EVIDENCE,0,8.453199996438343,True
198,missing_evidence,without_preparation,not_prepared,REQUIRE_EVIDENCE,REQUIRE_EVIDENCE,1,13.5974000004353,True
199,mandatory_block,without_preparation,not_prepared,DENY,DENY,1,13.813300000037998,True
199,mandatory_block,with_preparation,BLOCKED_BY_MANDATORY_CHECK,DENY,DENY,0,7.289599998330232,True
