arm,telemetry,repetition,operation_ms,setup_ms,drain_ms
modular_application,True,0,22.56239999405807,17.547200004628394,0.0030999945010989904
modular_application,False,0,22.46720000403002,18.951300000480842,0.000600004568696022
firewall,True,0,46.27640000398969,52.498900004138704,0.004699999408330768
firewall,False,0,44.768400002794806,70.6817999962368,0.000400003045797348
firewall,False,1,55.27930000243941,57.345299996086396,0.0007999988156370819
firewall,True,1,44.01839999627555,62.00190000527073,0.0025000044843181968
modular_application,False,1,30.2704999994603,46.00629999913508,0.00039999576983973384
modular_application,True,1,20.83689999562921,25.480700001935475,0.0032999960239976645
modular_application,True,2,31.154600001173094,33.721500003593974,0.0023999964469112456
modular_application,False,2,36.533099999360275,40.69629999867175,0.0005999972927384079
firewall,True,2,38.27050000109011,54.78230000153417,0.0017999991541728377
firewall,False,2,38.36810000211699,78.31270000315271,0.0008999995770864189
modular_application,True,3,24.262700004328508,18.219199999293778,0.004699999408330768
modular_application,False,3,25.94880000106059,34.877700003562495,0.000400003045797348
firewall,True,3,39.22180000517983,50.77109999547247,0.0020000006770715117
firewall,False,3,39.55040000437293,59.752799999841955,0.000500003807246685
firewall,False,4,36.67850000056205,54.92769999545999,0.0004999965312890708
modular_application,True,4,24.043999997957144,16.930300000240095,0.0025000044843181968
modular_application,False,4,25.080899999011308,33.62030000425875,0.0004999965312890708
firewall,True,4,35.480699996696785,50.048400000378024,0.0039000005926936865
modular_application,True,5,22.657499997876585,28.154599996923935,0.0020000006770715117
modular_application,False,5,29.447900000377558,21.512200000870507,0.0004999965312890708
firewall,False,5,36.88890000194078,55.789899997762404,0.000500003807246685
firewall,True,5,37.78410000086296,50.27450000488898,0.0031000017770566046
firewall,False,6,37.77049999916926,72.47040000220295,0.000500003807246685
modular_application,True,6,22.923799995623995,21.43459999933839,0.001700005668681115
firewall,True,6,37.71319999941625,70.79930000327295,0.0018999999156221747
modular_application,False,6,22.282000005361624,24.686200005817227,0.0004999965312890708
firewall,False,7,39.46630000427831,56.55599999590777,0.0004999965312890708
modular_application,True,7,22.915699999430217,18.48959999915678,0.0017999991541728377
firewall,True,7,38.2132000013371,81.24700000189478,0.001400003384333104
modular_application,False,7,33.63110000645975,41.555700001481455,0.000800006091594696
firewall,True,8,37.37820000242209,53.089200002432335,0.0017999991541728377
modular_application,False,8,29.80599999864353,43.663399999786634,0.0005999972927384079
modular_application,True,8,22.70190000126604,18.37599999998929,0.0016999983927235007
firewall,False,8,36.93550000025425,101.21609999623615,0.00039999576983973384
firewall,True,9,42.08400000061374,55.06299999979092,0.0021000014385208488
firewall,False,9,36.48819999943953,94.20990000216989,0.000400003045797348
modular_application,False,9,26.080600000568666,21.155000002181623,0.000400003045797348
modular_application,True,9,23.30880000226898,19.173799999407493,0.0017999991541728377
modular_application,True,10,28.413000000000466,43.11799999413779,0.0021000014385208488
firewall,False,10,37.128699994354974,89.77800000138814,0.000500003807246685
firewall,True,10,37.55530000489671,59.503600001335144,0.0021000014385208488
modular_application,False,10,24.163500005670357,21.075799995742273,0.0004999965312890708
modular_application,False,11,23.068699993018527,20.570199994836003,0.0008999995770864189
firewall,True,11,40.55379999772413,52.45810000633355,0.0021000014385208488
modular_application,True,11,33.36259999923641,48.43430000619264,0.0017999991541728377
firewall,False,11,40.6003000025521,104.78370000055293,0.0004999965312890708
firewall,False,12,38.52550000010524,56.96110000280896,0.0004999965312890708
modular_application,True,12,22.916599999007303,18.321999996260274,0.0033000032999552786
firewall,True,12,43.169600001419894,97.20480000396492,0.0025999979698099196
modular_application,False,12,26.71899999404559,23.654099997656886,0.0004999965312890708
modular_application,True,13,22.504699998535216,19.396599993342534,0.0018999999156221747
firewall,False,13,37.9252999991877,98.78759999992326,0.000500003807246685
firewall,True,13,37.80969999934314,59.39860000216868,0.001700005668681115
modular_application,False,13,23.217900001327507,19.840900000417605,0.0005999972927384079
firewall,True,14,37.74859999975888,60.49570000323001,0.0022999956854619086
modular_application,True,14,35.12310000223806,42.06550000526477,0.0014999968698248267
firewall,False,14,36.75170000497019,89.28719999676105,0.00039999576983973384
modular_application,False,14,21.290499993483536,18.473399999493267,0.0004999965312890708
firewall,False,15,38.34110000025248,51.872000003641006,0.00039999576983973384
modular_application,False,15,20.491800001764204,19.421600001805928,0.0004999965312890708
modular_application,True,15,22.760799998650327,18.84279999649152,0.0018999999156221747
firewall,True,15,39.64490000362275,73.79170000058366,0.004699999408330768
firewall,True,16,42.11949999444187,64.38360000174725,0.0017999991541728377
firewall,False,16,41.43900000053691,63.19110000185901,0.0005999972927384079
modular_application,True,16,23.864599999797065,20.011099994007964,0.0027999994927085936
modular_application,False,16,26.213700002699625,16.81300000200281,0.000700005330145359
firewall,True,17,35.746599998674355,53.438299997651484,0.0025999979698099196
modular_application,False,17,24.836399999912828,37.28940000291914,0.000400003045797348
firewall,False,17,37.893099994107615,55.92310000065481,0.000600004568696022
modular_application,True,17,24.20259999780683,22.696399995766114,0.0018999999156221747
firewall,False,18,44.01959999813698,79.79460000206018,0.0004999965312890708
modular_application,True,18,24.56230000098003,19.78390000294894,0.0022999956854619086
firewall,True,18,34.83050000068033,98.07780000119237,0.0015999976312741637
modular_application,False,18,36.607300004106946,45.983399999386165,0.000600004568696022
modular_application,True,19,21.57440000155475,19.22109999577515,0.0023000029614195228
modular_application,False,19,31.220000004395843,45.27519999828655,0.000500003807246685
firewall,True,19,37.16809999605175,58.06589999701828,0.0021999949240125716
firewall,False,19,36.54439999809256,77.9337000058149,0.0004999965312890708
modular_application,True,20,21.684200000890996,18.082499998854473,0.001700005668681115
firewall,True,20,39.17120000551222,89.64640000340296,0.0033000032999552786
firewall,False,20,38.09610000462271,55.66449999605538,0.000500003807246685
modular_application,False,20,19.517599997925572,16.647899996314663,0.000500003807246685
firewall,False,21,37.813299997651484,50.99229999905219,0.000500003807246685
firewall,True,21,34.9015000028885,52.07869999867398,0.0018999999156221747
modular_application,True,21,28.652900000452064,36.455100002058316,0.0017999991541728377
modular_application,False,21,38.16489999735495,45.34609999973327,0.0004999965312890708
firewall,True,22,46.40520000248216,54.34709999826737,0.0024000037228688598
modular_application,True,22,33.760099999199156,46.24590000457829,0.0021000014385208488
firewall,False,22,44.28679999546148,94.64949999528471,0.000800006091594696
modular_application,False,22,21.7657999965013,18.423599998641293,0.0004999965312890708
modular_application,True,23,24.682600000232924,18.701100001635496,0.0017999991541728377
firewall,True,23,40.575500002887566,82.04139999725157,0.0034000040614046156
firewall,False,23,37.12929999892367,102.33359999983804,0.000600004568696022
modular_application,False,23,23.02560000680387,18.378900000243448,0.000500003807246685
modular_application,True,24,21.961099999316502,18.640100002812687,0.0020000006770715117
modular_application,False,24,30.699800001457334,42.961599996488076,0.000600004568696022
firewall,True,24,35.40440000506351,58.12280000100145,0.0023000029614195228
firewall,False,24,37.15849999571219,76.79620000271825,0.000700005330145359
firewall,True,25,38.75619999598712,60.43580000550719,0.0029999937396496534
modular_application,False,25,25.80679999664426,40.575400002126116,0.0004999965312890708
firewall,False,25,37.73410000576405,56.18330000288552,0.00039999576983973384
modular_application,True,25,22.759499996027444,17.767999997886363,0.0021000014385208488
modular_application,False,26,23.982899998372886,32.38319999945816,0.0004999965312890708
firewall,True,26,36.801100002776366,58.567499996570405,0.0019999934011138976
firewall,False,26,37.30119999818271,66.26169999799458,0.0004999965312890708
modular_application,True,26,23.38179999787826,18.009100000199396,0.0020000006770715117
modular_application,True,27,26.167800002440345,33.86060000048019,0.0015999976312741637
firewall,True,27,45.58790000010049,105.53770000115037,0.0023000029614195228
firewall,False,27,53.35139999806415,100.64559999591438,0.000600004568696022
modular_application,False,27,21.116099997016136,18.887900005211122,0.0006999980541877449
modular_application,False,28,22.6461999991443,24.01329999702284,0.0012000018614344299
firewall,True,28,39.78110000025481,55.00429999665357,0.0022000021999701858
modular_application,True,28,28.887500004202593,48.40479999984382,0.0026000052457675338
firewall,False,28,36.74909999972442,89.63600000424776,0.0005999972927384079
modular_application,True,29,19.59809999971185,17.059900004824158,0.0016999983927235007
firewall,True,29,42.33570000360487,98.95429999596672,0.005399997462518513
modular_application,False,29,27.902000001631677,50.038699999277014,0.000500003807246685
firewall,False,29,34.85319999890635,48.20990000007441,0.000400003045797348
firewall,False,30,33.73189999547321,47.50590000185184,0.00039999576983973384
modular_application,True,30,23.554400002467446,17.55050000065239,0.0017999991541728377
firewall,True,30,40.063100001134444,96.07970000070054,0.0017999991541728377
modular_application,False,30,28.647799997997936,47.26030000165338,0.0006999980541877449
firewall,True,31,41.86560000380268,53.85319999913918,0.0020000006770715117
modular_application,True,31,27.769899999839254,40.00300000188872,0.0017999991541728377
modular_application,False,31,27.6019999946584,24.7802000012598,0.0008999995770864189
firewall,False,31,44.26479999528965,60.61779999436112,0.0006999980541877449
modular_application,True,32,23.351000003458466,22.982199996476993,0.0033000032999552786
firewall,False,32,33.54099999705795,86.94430000468856,0.0004999965312890708
firewall,True,32,36.21969999949215,48.925100003543776,0.0017999991541728377
modular_application,False,32,30.80000000045402,49.68869999720482,0.0004999965312890708
modular_application,True,33,22.34879999741679,22.204799999599345,0.001600004907231778
modular_application,False,33,30.617700002039783,52.08999999740627,0.00039999576983973384
firewall,False,33,40.32110000116518,58.35330000263639,0.0005999972927384079
firewall,True,33,39.58210000564577,57.771100000536535,0.0026000052457675338
modular_application,False,34,21.98810000118101,21.56449999893084,0.000500003807246685
firewall,False,34,38.33179999492131,52.039599999261554,0.0005999972927384079
modular_application,True,34,20.10600000357954,17.759400005161297,0.0018999999156221747
firewall,True,34,36.44700000586454,74.1651999996975,0.0017999991541728377
firewall,True,35,39.0382999976282,69.35979999980191,0.0037999998312443495
firewall,False,35,35.39260000252398,60.3869000042323,0.000500003807246685
modular_application,True,35,19.21250000305008,16.490699999849312,0.0021000014385208488
modular_application,False,35,33.9040999970166,47.63130000355886,0.0005999972927384079
firewall,False,36,35.01289999985602,48.550300001807045,0.0005999972927384079
modular_application,True,36,20.281299999624025,15.569199997116812,0.0022000021999701858
firewall,True,36,35.72449999774108,123.24540000554407,0.0017999991541728377
modular_application,False,36,35.962199995992705,50.2827999953297,0.00039999576983973384
modular_application,False,37,23.97740000014892,18.763699998089578,0.000400003045797348
modular_application,True,37,23.078999998688232,18.892100000812206,0.0015999976312741637
firewall,False,37,45.25180000200635,62.55989999772282,0.000500003807246685
firewall,True,37,44.84450000018114,61.562499999126885,0.0023999964469112456
modular_application,False,38,25.650700001278892,21.12939999642549,0.0006999980541877449
modular_application,True,38,22.444599999289494,17.726199999742676,0.0023000029614195228
firewall,False,38,45.816199999535456,102.17399999964982,0.000700005330145359
firewall,True,38,38.07249999954365,54.684000002453104,0.0020000006770715117
firewall,False,39,39.63400000066031,99.7334999992745,0.0005999972927384079
firewall,True,39,43.32260000228416,56.08780000329716,0.0029000002541579306
modular_application,True,39,26.88059999491088,26.858099998207763,0.0021000014385208488
modular_application,False,39,25.361899999552406,21.64009999978589,0.0006999980541877449
firewall,False,40,40.13400000258116,56.30679999740096,0.000600004568696022
modular_application,True,40,23.83179999742424,20.653400002629496,0.0025999979698099196
modular_application,False,40,29.51999999640975,20.003499994345475,0.000500003807246685
firewall,True,40,35.90410000470001,59.37310000444995,0.0018999999156221747
firewall,True,41,36.47199999977602,109.96050000539981,0.0021999949240125716
modular_application,True,41,35.504899999068584,37.53610000421759,0.0021999949240125716
modular_application,False,41,38.13679999439046,49.24449999816716,0.0005999972927384079
firewall,False,41,37.607199999911245,49.40129999886267,0.0006999980541877449
modular_application,False,42,20.956799999112263,19.318700004077982,0.0004999965312890708
modular_application,True,42,21.849299999303184,15.166600001975894,0.0013999961083754897
firewall,False,42,35.91679999954067,62.266100001579616,0.00039999576983973384
firewall,True,42,37.650100006430876,106.5353999947547,0.0017999991541728377
firewall,True,43,40.486799996870104,70.78240000555525,0.0016999983927235007
firewall,False,43,40.93649999413174,56.12830000609392,0.0004999965312890708
modular_application,False,43,22.715899998729583,19.69470000040019,0.0005999972927384079
modular_application,True,43,27.859499998157844,18.08569999411702,0.0025999979698099196
modular_application,False,44,26.012799993623048,37.50710000167601,0.0007999988156370819
modular_application,True,44,22.37530000275001,19.00759999989532,0.0020000006770715117
firewall,True,44,38.277200001175515,101.05509999993956,0.0021000014385208488
firewall,False,44,40.86069999902975,84.33850000437815,0.0004999965312890708
firewall,False,45,42.414499999722466,55.55659999663476,0.0008999995770864189
modular_application,True,45,23.121800004446413,19.323000000440516,0.0020000006770715117
firewall,True,45,41.04959999676794,62.31819999811705,0.0026999987312592566
modular_application,False,45,31.630000004952308,49.037199998565484,0.0004999965312890708
modular_application,False,46,20.206300003337674,16.696899998351,0.000300002284348011
firewall,False,46,34.60060000361409,55.59240000002319,0.0005999972927384079
firewall,True,46,34.4939000060549,48.19120000320254,0.0017999991541728377
modular_application,True,46,26.88019999914104,36.5557000041008,0.001800006430130452
modular_application,True,47,24.343800003407523,18.781099999614526,0.0014999968698248267
firewall,True,47,38.003900001058355,94.56050000153482,0.0020999941625632346
modular_application,False,47,30.283599997346755,48.623299997416325,0.0008999995770864189
firewall,False,47,34.161300005507655,51.722100004553795,0.000600004568696022
modular_application,True,48,22.490199997264426,21.373699994001072,0.0021999949240125716
modular_application,False,48,34.46779999649152,45.666500001971144,0.000600004568696022
firewall,True,48,37.35179999785032,51.983700002892874,0.0020000006770715117
firewall,False,48,41.899100004229695,89.35750000091502,0.0005999972927384079
modular_application,True,49,23.03369999572169,20.2006999970763,0.001600004907231778
modular_application,False,49,29.081599997880403,24.868200001947116,0.0005999972927384079
firewall,False,49,37.87929999816697,59.302599998773076,0.0007999988156370819
firewall,True,49,35.14520000317134,55.07419999776175,0.0022000021999701858
