dataset,arm,n,accuracy,macro_f1,p50_ms,p95_ms,paired_delta_p50_ms,invalid_outputs
banking77-official-test,direct,3080,0.7860389610389611,0.7764552811262047,0.5220000020926818,1.1588999986997806,0,0
banking77-official-test,framework_assess,3080,0.7860389610389611,0.7764552811262047,0.6063999971956946,1.2599999972735532,0.07529999857069924,0
banking77-official-test,framework_prepared,3080,0.7860389610389611,0.7764552811262047,14.091999997617677,16.542800003662705,13.52729999780422,0
banking77-training-oof,direct,10003,0.780965710286914,0.7516358053619367,0.5381999944802374,1.2619999979506247,0,0
banking77-training-oof,framework_assess,10003,0.780965710286914,0.7516358053619367,0.6263000032049604,1.3794999977108091,0.08130000060191378,0
banking77-training-oof,framework_prepared,10003,0.780965710286914,0.7516358053619367,14.251799999328796,18.103900001733564,13.671700005943421,0
bitext-all-oof,direct,26872,0.9831423042572194,0.9831556991834408,0.2347999979974702,0.47559999802615494,0,0
bitext-all-oof,framework_assess,26872,0.9831423042572194,0.9831556991834408,0.3317000009701587,0.6327000010060146,0.0897999998414889,0
bitext-all-oof,framework_prepared,26872,0.9831423042572194,0.9831556991834408,14.50480000130483,19.661699996504467,14.237899998988723,0
