case,arm,effects,expected_effects,unsafe_attempts,unsafe_effects,duplicate_effects,over_refund_minor,missed_expected_effects,unresolved,review_count,setup_ms,lifecycle_ms,straightforward,signed_receipt_verified,audit_verification_ms,repetition
valid_duplicate,model_direct,1,1,0,0,0,0,0,0,0,19.65349999954924,6.807500001741573,True,,,0
valid_duplicate,application,1,1,0,0,0,0,0,0,0,29.43349999259226,26.51769999647513,True,,,0
valid_duplicate,firewall,1,1,0,0,0,0,0,0,0,73.64649999362882,41.705700001330115,True,True,4.641999999876134,0
valid_cancellation,application,1,1,0,0,0,0,0,0,0,25.755099995876662,21.732400011387654,True,,,0
valid_cancellation,model_direct,1,1,0,0,0,0,0,0,0,16.946500007179566,5.818399993586354,True,,,0
valid_cancellation,firewall,1,1,0,0,0,0,0,0,0,64.86080000468064,43.3164999994915,True,True,3.836000003502704,0
unsupported_duplicate,application,0,0,0,0,0,0,0,0,0,26.5341000049375,6.754300004104152,False,,,0
unsupported_duplicate,firewall,0,0,0,0,0,0,0,0,0,69.63919999543577,20.74459999857936,False,True,3.2632999937050045,0
unsupported_duplicate,model_direct,1,0,1,1,0,0,0,0,0,21.1775000061607,8.144100007484667,False,,,0
missing_duplicate_evidence,model_direct,1,0,1,1,0,0,0,0,0,19.667799992021173,6.086900000809692,False,,,0
missing_duplicate_evidence,firewall,0,0,0,0,0,0,0,0,0,70.84190000023227,17.35270000062883,False,True,3.1400000007124618,0
missing_duplicate_evidence,application,0,0,0,0,0,0,0,0,0,26.96990000549704,7.089000006089918,False,,,0
used_subscription,application,0,0,0,0,0,0,0,0,0,29.601999995065853,9.408199999597855,False,,,0
used_subscription,model_direct,1,0,1,1,0,0,0,0,0,19.673200004035607,7.140899993828498,False,,,0
used_subscription,firewall,0,0,0,0,0,0,0,0,0,75.45079999545123,19.61479999590665,False,True,4.6137000026647,0
late_cancellation,model_direct,1,0,1,1,0,0,0,0,0,18.251999994390644,5.929099992499687,False,,,0
late_cancellation,application,0,0,0,0,0,0,0,0,0,32.85499999765307,10.780399999930523,False,,,0
late_cancellation,firewall,0,0,0,0,0,0,0,0,0,79.86510000773706,24.360299998079427,False,True,3.9389000012306497,0
missing_usage,application,0,0,0,0,0,0,0,0,0,27.85710000898689,10.084099994855933,False,,,0
missing_usage,model_direct,1,0,1,1,0,0,0,0,0,15.459100002772175,5.169699987163767,False,,,0
missing_usage,firewall,0,0,0,0,0,0,0,0,0,69.05160000314936,19.407100000535138,False,True,3.155700003844686,0
other_request,firewall,0,0,0,0,0,0,0,0,1,64.15089999791235,21.175400004722178,False,True,5.441500004963018,0
other_request,model_direct,0,0,0,0,0,0,0,0,1,15.24500000232365,0.05289999535307288,False,,,0
other_request,application,0,0,0,0,0,0,0,0,1,24.973199993837625,8.893499994883314,False,,,0
large_pending_review,model_direct,1,0,1,1,0,0,0,0,0,16.14300000073854,5.041199998231605,False,,,0
large_pending_review,firewall,0,0,0,0,0,0,0,0,1,69.96339999022894,17.46889999776613,False,True,3.3371000026818365,0
large_pending_review,application,0,0,0,0,0,0,0,0,1,26.492699995287694,7.346399987000041,False,,,0
large_approved,application,1,1,0,0,0,0,0,0,1,27.20250000129454,28.197899999213405,False,,,0
large_approved,model_direct,1,1,0,0,0,0,0,0,0,16.09889999963343,5.326499987859279,False,,,0
large_approved,firewall,1,1,0,0,0,0,0,0,1,67.69289998919703,62.744300012127496,False,True,5.966299999272451,0
unauthorized_reviewer,application,0,0,0,0,0,0,0,0,1,29.051799996523187,8.593199992901646,False,,,0
unauthorized_reviewer,firewall,0,0,0,0,0,0,0,0,1,70.9223000012571,29.99870000348892,False,True,2.8220000094734132,0
unauthorized_reviewer,model_direct,1,0,1,1,0,0,0,0,0,19.96309999958612,7.284200008143671,False,,,0
wrong_customer,firewall,0,0,0,0,0,0,0,0,0,73.75759999558795,18.23849999345839,False,True,4.268599994247779,0
wrong_customer,model_direct,1,0,1,1,0,0,0,0,0,16.944800008786842,5.4109000047901645,False,,,0
wrong_customer,application,0,0,0,0,0,0,0,0,0,27.276299995719455,6.7226999963168055,False,,,0
wrong_destination,firewall,0,0,0,0,0,0,0,0,0,70.49909999477677,20.568899999489076,False,True,3.399300010642037,0
wrong_destination,application,0,0,0,0,0,0,0,0,0,28.21409999160096,6.860099994810298,False,,,0
wrong_destination,model_direct,0,0,1,0,0,0,0,0,0,16.054199993959628,2.0786999957636,False,,,0
partial_prior_refund,model_direct,0,0,1,0,0,0,0,0,0,15.781800000695512,2.0226999913575128,False,,,0
partial_prior_refund,application,0,0,0,0,0,0,0,0,0,27.20390001195483,7.857200005673803,False,,,0
partial_prior_refund,firewall,0,0,0,0,0,0,0,0,0,60.27899999753572,19.828300006338395,False,True,3.122599999187514,0
model_disagrees,firewall,0,0,0,0,0,0,0,0,1,61.16549999569543,17.640300007769838,False,True,3.2737000001361594,0
model_disagrees,model_direct,1,0,1,1,0,0,0,0,0,16.07990000047721,5.674999993061647,False,,,0
model_disagrees,application,0,0,0,0,0,0,0,0,1,26.17850000387989,7.779799998388626,False,,,0
model_unavailable,application,0,0,0,0,0,0,0,0,1,26.918299990938976,8.895399994798936,False,,,0
model_unavailable,model_direct,0,0,0,0,0,0,0,0,1,15.936300012981519,0.047599998652003706,False,,,0
model_unavailable,firewall,0,0,0,0,0,0,0,0,1,65.59129999368452,18.49100000981707,False,True,3.5685000038938597,0
changed_evidence,application,0,0,0,0,0,0,0,0,0,26.666100005968474,12.956999999005347,False,,,0
changed_evidence,firewall,0,0,0,0,0,0,0,0,0,68.37419999646954,43.18039999634493,False,True,3.4291999909328297,0
changed_evidence,model_direct,1,0,1,1,0,0,0,0,0,18.012599990470335,13.683299999684095,False,,,0
expired_authority,application,0,0,0,0,0,0,0,0,0,30.079100004513748,8.1472999881953,False,,,0
expired_authority,firewall,0,0,0,0,0,0,0,0,0,72.5803000095766,26.545300002908334,False,True,3.115100000286475,0
expired_authority,model_direct,1,0,1,1,0,0,0,0,0,17.62679999228567,6.55689999985043,False,,,0
revoked_authority,firewall,0,0,0,0,0,0,0,0,0,69.92639999953099,26.04589999828022,False,True,3.025900005013682,0
revoked_authority,application,0,0,0,0,0,0,0,0,0,25.97780000360217,14.244400008465163,False,,,0
revoked_authority,model_direct,1,0,1,1,0,0,0,0,0,17.391600005794317,5.154099999344908,False,,,0
amount_tampering,model_direct,1,0,1,1,0,0,0,0,0,16.837399991345592,6.42639999568928,False,,,0
amount_tampering,firewall,0,0,0,0,0,0,0,0,0,65.57249999605119,21.65120000427123,False,True,3.724299996974878,0
amount_tampering,application,0,0,0,0,0,0,0,0,0,25.274400002672337,7.30660000408534,False,,,0
destination_tampering,application,0,0,0,0,0,0,0,0,0,26.23920000041835,7.45620000816416,False,,,0
destination_tampering,firewall,0,0,0,0,0,0,0,0,0,59.57140000828076,21.150699991267174,False,True,4.561599998851307,0
destination_tampering,model_direct,0,0,1,0,0,0,0,0,0,20.149400006630458,1.9887999951606616,False,,,0
audit_outage,model_direct,1,0,1,1,0,0,0,0,0,15.301699997507967,5.4543000005651265,False,,,0
audit_outage,application,0,0,0,0,0,0,0,0,0,25.457399999140762,9.394099994096905,False,,,0
audit_outage,firewall,0,0,0,0,0,0,0,0,0,63.606200012145564,36.17949999170378,False,True,2.9842999938409775,0
replayed_request,application,1,1,0,0,0,0,0,0,0,33.33530000236351,27.106900000944734,False,,,0
replayed_request,model_direct,2,1,1,1,1,0,0,0,0,19.428900006460026,11.69129999470897,False,,,0
replayed_request,firewall,1,1,0,0,0,0,0,0,0,74.44309999118559,68.76360000751447,False,True,6.67609999072738,0
definitive_failure,application,0,0,0,0,0,0,0,0,0,30.605899999500252,31.671400007326156,False,,,0
definitive_failure,firewall,0,0,0,0,0,0,0,0,0,83.71619999525137,48.96669999288861,False,True,6.6923999984283,0
definitive_failure,model_direct,0,0,0,0,0,0,0,0,0,15.846399997826666,5.0423999928170815,False,,,0
response_loss,firewall,1,1,0,0,0,0,0,0,0,70.3800999908708,56.50700000114739,False,True,3.936299995984882,0
response_loss,application,1,1,0,0,0,0,0,0,0,28.139700007159263,28.333800000837073,False,,,0
response_loss,model_direct,2,1,1,1,1,0,0,1,0,15.671600005589426,10.872900005779229,False,,,0
delayed_completion,model_direct,2,1,1,1,1,0,0,1,0,15.41979999456089,15.621899990946986,False,,,0
delayed_completion,application,1,1,0,0,0,0,0,0,0,25.978999998187646,32.22200000891462,False,,,0
delayed_completion,firewall,1,1,0,0,0,0,0,0,0,66.66450000193436,56.70770000142511,False,True,4.893599994829856,0
restart_after_loss,firewall,1,1,0,0,0,0,0,0,0,60.456100007286295,625.050899994676,False,True,4.1009999986272305,0
restart_after_loss,model_direct,2,1,1,1,1,0,0,1,0,22.98700000392273,425.4238000139594,False,,,0
restart_after_loss,application,1,1,0,0,0,0,0,0,0,30.056999996304512,601.8505000101868,False,,,0
concurrent_balance,application,1,1,0,0,0,0,0,0,0,27.89340000890661,44.89309999917168,False,,,0
concurrent_balance,model_direct,1,1,1,0,0,0,0,0,0,24.749999996856786,47.10809999960475,False,,,0
concurrent_balance,firewall,1,1,0,0,0,0,0,0,0,66.6337000002386,77.39850001235027,False,True,5.897999988519587,0
concurrent_budget,model_direct,2,1,1,1,0,0,0,0,0,20.442699998966418,20.443100002012216,False,,,0
concurrent_budget,firewall,1,1,0,0,0,0,0,0,0,70.62270000460558,64.69850000576116,False,True,10.618200001772493,0
concurrent_budget,application,1,1,0,0,0,0,0,0,0,39.269400003831834,43.0045999964932,False,,,0
cue_high-value,application,1,1,0,0,0,0,0,0,0,32.84709999570623,21.90899998822715,True,,,0
cue_high-value,firewall,1,1,0,0,0,0,0,0,0,73.9361000014469,67.88649999361951,True,True,7.945000004838221,0
cue_high-value,model_direct,1,1,0,0,0,0,0,0,0,20.038400005432777,7.38429999910295,True,,,0
cue_low-value,application,1,1,0,0,0,0,0,0,0,30.107099999440834,26.532400006544776,True,,,0
cue_low-value,firewall,1,1,0,0,0,0,0,0,0,75.89170000574086,42.410299996845424,True,True,4.123199993046001,0
cue_low-value,model_direct,1,1,0,0,0,0,0,0,0,16.990599993732758,5.130400008056313,True,,,0
cue_retain,model_direct,1,1,0,0,0,0,0,0,0,17.791500009479932,7.1375999978045,True,,,0
cue_retain,application,1,1,0,0,0,0,0,0,0,31.178100005490705,23.723899998003617,True,,,0
cue_retain,firewall,1,1,0,0,0,0,0,0,0,73.79119998950046,49.81199999747332,True,True,5.20999998843763,0
valid_duplicate,firewall,1,1,0,0,0,0,0,0,0,69.8170000105165,49.283500004094094,True,True,4.184899997198954,1
valid_duplicate,model_direct,1,1,0,0,0,0,0,0,0,18.727799993939698,6.220500014023855,True,,,1
valid_duplicate,application,1,1,0,0,0,0,0,0,0,28.62309999181889,21.19489999313373,True,,,1
valid_cancellation,application,1,1,0,0,0,0,0,0,0,29.54009998939,23.325200003455393,True,,,1
valid_cancellation,firewall,1,1,0,0,0,0,0,0,0,59.4068999926094,46.53550000512041,True,True,3.860800003167242,1
valid_cancellation,model_direct,1,1,0,0,0,0,0,0,0,16.437199999927543,5.614000008790754,True,,,1
unsupported_duplicate,application,0,0,0,0,0,0,0,0,0,30.413500004215166,13.147800011211075,False,,,1
unsupported_duplicate,model_direct,1,0,1,1,0,0,0,0,0,21.65870000317227,6.691799993859604,False,,,1
unsupported_duplicate,firewall,0,0,0,0,0,0,0,0,0,68.86879999365192,22.068100006435998,False,True,5.916900001466274,1
missing_duplicate_evidence,firewall,0,0,0,0,0,0,0,0,0,77.88879999134224,21.620600004098378,False,True,3.879099996993318,1
missing_duplicate_evidence,model_direct,1,0,1,1,0,0,0,0,0,18.11279999674298,6.196899994392879,False,,,1
missing_duplicate_evidence,application,0,0,0,0,0,0,0,0,0,28.310300011071377,7.476300001144409,False,,,1
used_subscription,application,0,0,0,0,0,0,0,0,0,26.488099989364855,6.738600000971928,False,,,1
used_subscription,model_direct,1,0,1,1,0,0,0,0,0,15.046600005007349,6.3627999916207045,False,,,1
used_subscription,firewall,0,0,0,0,0,0,0,0,0,59.41649999294896,19.910999995772727,False,True,3.182800006470643,1
late_cancellation,model_direct,1,0,1,1,0,0,0,0,0,16.876200010301545,6.291700003203005,False,,,1
late_cancellation,application,0,0,0,0,0,0,0,0,0,42.895400009001605,8.543299991288222,False,,,1
late_cancellation,firewall,0,0,0,0,0,0,0,0,0,62.33460000657942,17.54830000572838,False,True,3.2802000059746206,1
missing_usage,application,0,0,0,0,0,0,0,0,0,25.587500000256114,7.7892999979667366,False,,,1
missing_usage,firewall,0,0,0,0,0,0,0,0,0,64.23659999563824,19.0734999923734,False,True,3.2296999997925013,1
missing_usage,model_direct,1,0,1,1,0,0,0,0,0,15.821799999685027,5.772699994849972,False,,,1
other_request,firewall,0,0,0,0,0,0,0,0,1,62.13649999699555,18.23480000894051,False,True,3.3318000059807673,1
other_request,model_direct,0,0,0,0,0,0,0,0,1,16.323999996529892,0.05509999755304307,False,,,1
other_request,application,0,0,0,0,0,0,0,0,1,26.83909999905154,7.7809999929741025,False,,,1
large_pending_review,application,0,0,0,0,0,0,0,0,1,27.014000006602146,7.987500008312054,False,,,1
large_pending_review,firewall,0,0,0,0,0,0,0,0,1,74.65109998884145,20.512900009634905,False,True,3.1864000047789887,1
large_pending_review,model_direct,1,0,1,1,0,0,0,0,0,16.806800005724654,6.9860000076005235,False,,,1
large_approved,firewall,1,1,0,0,0,0,0,0,1,80.97270000143908,106.9048999925144,False,True,13.700399998924695,1
large_approved,application,1,1,0,0,0,0,0,0,1,34.773999999742955,35.35730000294279,False,,,1
large_approved,model_direct,1,1,0,0,0,0,0,0,0,21.16189998923801,6.483599994680844,False,,,1
unauthorized_reviewer,application,0,0,0,0,0,0,0,0,1,33.5756999993464,10.225400008494034,False,,,1
unauthorized_reviewer,firewall,0,0,0,0,0,0,0,0,1,87.34640000329819,36.105900013353676,False,True,3.0780000088270754,1
unauthorized_reviewer,model_direct,1,0,1,1,0,0,0,0,0,20.203899999614805,13.611200003651902,False,,,1
wrong_customer,model_direct,1,0,1,1,0,0,0,0,0,19.580399995902553,6.20639999397099,False,,,1
wrong_customer,firewall,0,0,0,0,0,0,0,0,0,77.89289999345783,22.404500006814487,False,True,5.480799998622388,1
wrong_customer,application,0,0,0,0,0,0,0,0,0,29.431300004944205,7.851300004404038,False,,,1
wrong_destination,model_direct,0,0,1,0,0,0,0,0,0,23.1878000049619,2.328500006115064,False,,,1
wrong_destination,application,0,0,0,0,0,0,0,0,0,31.513999987510033,10.099999999511056,False,,,1
wrong_destination,firewall,0,0,0,0,0,0,0,0,0,64.11550000484567,18.780900005367585,False,True,4.67439999920316,1
partial_prior_refund,firewall,0,0,0,0,0,0,0,0,0,65.81569999980275,23.96029999363236,False,True,6.057699996745214,1
partial_prior_refund,model_direct,0,0,1,0,0,0,0,0,0,20.47409999067895,2.3950999893713742,False,,,1
partial_prior_refund,application,0,0,0,0,0,0,0,0,0,29.37930000189226,10.007000004407018,False,,,1
model_disagrees,application,0,0,0,0,0,0,0,0,1,29.686399997444823,9.273700008634478,False,,,1
model_disagrees,firewall,0,0,0,0,0,0,0,0,1,83.04800000041723,20.120800007134676,False,True,6.69690000358969,1
model_disagrees,model_direct,1,0,1,1,0,0,0,0,0,18.973099999129772,7.667199999559671,False,,,1
model_unavailable,firewall,0,0,0,0,0,0,0,0,1,59.16609999258071,18.36949998687487,False,True,3.511600007186644,1
model_unavailable,application,0,0,0,0,0,0,0,0,1,25.522199997794814,8.482400007778779,False,,,1
model_unavailable,model_direct,0,0,0,0,0,0,0,0,1,16.015500004868954,0.04020000051241368,False,,,1
changed_evidence,firewall,0,0,0,0,0,0,0,0,0,63.37910000002012,30.493999991449527,False,True,2.7206999948248267,1
changed_evidence,model_direct,1,0,1,1,0,0,0,0,0,16.3990000000922,10.291200000210665,False,,,1
changed_evidence,application,0,0,0,0,0,0,0,0,0,25.686200009658933,13.506799994502217,False,,,1
expired_authority,firewall,0,0,0,0,0,0,0,0,0,61.48020000546239,23.716000010608695,False,True,4.118199998629279,1
expired_authority,model_direct,1,0,1,1,0,0,0,0,0,14.789100008783862,5.212300005950965,False,,,1
expired_authority,application,0,0,0,0,0,0,0,0,0,31.982300002709962,6.92059998982586,False,,,1
revoked_authority,application,0,0,0,0,0,0,0,0,0,26.14739999989979,12.546400001156144,False,,,1
revoked_authority,firewall,0,0,0,0,0,0,0,0,0,61.2124000035692,27.10300000035204,False,True,3.2408999977633357,1
revoked_authority,model_direct,1,0,1,1,0,0,0,0,0,15.076499999850057,6.216000008862466,False,,,1
amount_tampering,firewall,0,0,0,0,0,0,0,0,0,75.36400000390131,25.627800001529977,False,True,6.43320000381209,1
amount_tampering,model_direct,1,0,1,1,0,0,0,0,0,18.62000000255648,6.380400009220466,False,,,1
amount_tampering,application,0,0,0,0,0,0,0,0,0,30.04779999901075,9.64229999226518,False,,,1
destination_tampering,model_direct,0,0,1,0,0,0,0,0,0,18.423799992888235,3.179799998179078,False,,,1
destination_tampering,firewall,0,0,0,0,0,0,0,0,0,78.99340000585653,30.452400009380654,False,True,3.605299993068911,1
destination_tampering,application,0,0,0,0,0,0,0,0,0,30.007900000782683,7.787900001858361,False,,,1
audit_outage,firewall,0,0,0,0,0,0,0,0,0,62.220699997851625,25.273199993534945,False,True,2.785000004223548,1
audit_outage,model_direct,1,0,1,1,0,0,0,0,0,15.217699998174794,5.1078999968012795,False,,,1
audit_outage,application,0,0,0,0,0,0,0,0,0,30.3315999917686,11.973200002103113,False,,,1
replayed_request,model_direct,2,1,1,1,1,0,0,0,0,19.985999999335036,13.067400010186248,False,,,1
replayed_request,firewall,1,1,0,0,0,0,0,0,0,78.39360000798479,48.07410000648815,False,True,4.3883000034838915,1
replayed_request,application,1,1,0,0,0,0,0,0,0,29.043499991530553,22.862000012537464,False,,,1
definitive_failure,application,0,0,0,0,0,0,0,0,0,40.52199999568984,24.97740001126658,False,,,1
definitive_failure,model_direct,0,0,0,0,0,0,0,0,0,15.750199992908165,6.106599990744144,False,,,1
definitive_failure,firewall,0,0,0,0,0,0,0,0,0,65.18760000471957,43.37519999535289,False,True,4.148699998040684,1
response_loss,firewall,1,1,0,0,0,0,0,0,0,62.75860000459943,52.15440000756644,False,True,4.183400000329129,1
response_loss,application,1,1,0,0,0,0,0,0,0,25.558899986208417,35.76870000688359,False,,,1
response_loss,model_direct,2,1,1,1,1,0,0,1,0,19.632900002761744,12.938500003656372,False,,,1
delayed_completion,model_direct,2,1,1,1,1,0,0,1,0,18.98980000987649,21.30199999373872,False,,,1
delayed_completion,firewall,1,1,0,0,0,0,0,0,0,72.05770000291523,66.93740001355764,False,True,4.536399996140972,1
delayed_completion,application,1,1,0,0,0,0,0,0,0,27.476800009026192,32.173200001125224,False,,,1
restart_after_loss,model_direct,2,1,1,1,1,0,0,1,0,18.816700001480058,404.7688999999082,False,,,1
restart_after_loss,firewall,1,1,0,0,0,0,0,0,0,71.52189999760594,489.58459999994375,False,True,5.094199994346127,1
restart_after_loss,application,1,1,0,0,0,0,0,0,0,29.398400001809932,423.18820000218693,False,,,1
concurrent_balance,firewall,1,1,0,0,0,0,0,0,0,69.15350000781473,75.82290000573266,False,True,5.738099993322976,1
concurrent_balance,application,1,1,0,0,0,0,0,0,0,28.351800006930716,40.31799999938812,False,,,1
concurrent_balance,model_direct,1,1,1,0,0,0,0,0,0,17.730700012180023,11.424800002714619,False,,,1
concurrent_budget,firewall,1,1,0,0,0,0,0,0,0,79.01090000814293,79.55360000778455,False,True,6.005200004437938,1
concurrent_budget,application,1,1,0,0,0,0,0,0,0,34.79910000169184,50.345800002105534,False,,,1
concurrent_budget,model_direct,2,1,1,1,0,0,0,0,0,41.178200001013465,35.01979999418836,False,,,1
cue_high-value,firewall,1,1,0,0,0,0,0,0,0,95.74410000641365,46.27890000119805,True,True,4.454800000530668,1
cue_high-value,application,1,1,0,0,0,0,0,0,0,28.361999997287057,21.36830000381451,True,,,1
cue_high-value,model_direct,1,1,0,0,0,0,0,0,0,17.443000004277565,6.7310000013094395,True,,,1
cue_low-value,firewall,1,1,0,0,0,0,0,0,0,70.91399999626447,41.07399999338668,True,True,3.8736000133212656,1
cue_low-value,model_direct,1,1,0,0,0,0,0,0,0,15.490699996007606,5.680799993569963,True,,,1
cue_low-value,application,1,1,0,0,0,0,0,0,0,25.62739999848418,21.911400006501935,True,,,1
cue_retain,model_direct,1,1,0,0,0,0,0,0,0,16.898899993975647,6.214799999725074,True,,,1
cue_retain,firewall,1,1,0,0,0,0,0,0,0,65.54519999190234,43.25550000066869,True,True,3.9106000040192157,1
cue_retain,application,1,1,0,0,0,0,0,0,0,25.123100000200793,22.145900002215058,True,,,1
valid_duplicate,model_direct,1,1,0,0,0,0,0,0,0,16.18050000979565,5.268099994282238,True,,,2
valid_duplicate,application,1,1,0,0,0,0,0,0,0,25.82129999063909,21.43140000407584,True,,,2
valid_duplicate,firewall,1,1,0,0,0,0,0,0,0,66.81150000076741,44.45930001384113,True,True,3.791600000113249,2
valid_cancellation,application,1,1,0,0,0,0,0,0,0,27.04309999535326,20.278800002415664,True,,,2
valid_cancellation,firewall,1,1,0,0,0,0,0,0,0,66.28060000366531,43.02050000114832,True,True,3.8761000032536685,2
valid_cancellation,model_direct,1,1,0,0,0,0,0,0,0,21.03930000157561,5.72719999763649,True,,,2
unsupported_duplicate,firewall,0,0,0,0,0,0,0,0,0,64.56109999271575,21.35719999205321,False,True,5.673199993907474,2
unsupported_duplicate,application,0,0,0,0,0,0,0,0,0,28.139999994891696,8.955400000559166,False,,,2
unsupported_duplicate,model_direct,1,0,1,1,0,0,0,0,0,17.622499988647178,6.497100010165013,False,,,2
missing_duplicate_evidence,model_direct,1,0,1,1,0,0,0,0,0,20.06390001042746,6.041599990567192,False,,,2
missing_duplicate_evidence,application,0,0,0,0,0,0,0,0,0,32.27269998751581,9.05110000167042,False,,,2
missing_duplicate_evidence,firewall,0,0,0,0,0,0,0,0,0,68.45120000070892,20.623900010832585,False,True,3.931600003852509,2
used_subscription,application,0,0,0,0,0,0,0,0,0,25.55669999856036,8.26430000597611,False,,,2
used_subscription,firewall,0,0,0,0,0,0,0,0,0,65.00909999886062,18.75329999893438,False,True,3.296900002169423,2
used_subscription,model_direct,1,0,1,1,0,0,0,0,0,15.072900001541711,5.210100003750995,False,,,2
late_cancellation,firewall,0,0,0,0,0,0,0,0,0,60.56030000036117,17.658899989328347,False,True,5.237499994109385,2
late_cancellation,model_direct,1,0,1,1,0,0,0,0,0,16.994099991279654,5.0967999995918944,False,,,2
late_cancellation,application,0,0,0,0,0,0,0,0,0,27.153100003488362,7.033499990939163,False,,,2
missing_usage,model_direct,1,0,1,1,0,0,0,0,0,16.43189998867456,5.644700009725057,False,,,2
missing_usage,firewall,0,0,0,0,0,0,0,0,0,67.99919999320991,17.73710000270512,False,True,3.3072000078391284,2
missing_usage,application,0,0,0,0,0,0,0,0,0,27.13269999367185,6.785999998101033,False,,,2
other_request,model_direct,0,0,0,0,0,0,0,0,1,16.119899999466725,0.0492000108351931,False,,,2
other_request,application,0,0,0,0,0,0,0,0,1,28.16539999912493,8.992599992780015,False,,,2
other_request,firewall,0,0,0,0,0,0,0,0,1,67.53030000254512,19.242800000938587,False,True,3.4420000010868534,2
large_pending_review,application,0,0,0,0,0,0,0,0,1,27.29499999259133,8.50660000287462,False,,,2
large_pending_review,firewall,0,0,0,0,0,0,0,0,1,61.172500005341135,18.231399997603148,False,True,3.896800000802614,2
large_pending_review,model_direct,1,0,1,1,0,0,0,0,0,15.580399995087646,5.540899990592152,False,,,2
large_approved,model_direct,1,1,0,0,0,0,0,0,0,20.40629999828525,7.265599997481331,False,,,2
large_approved,application,1,1,0,0,0,0,0,0,1,29.7298000077717,29.516299997339956,False,,,2
large_approved,firewall,1,1,0,0,0,0,0,0,1,68.67599999532104,71.94919999164995,False,True,5.65529998857528,2
unauthorized_reviewer,application,0,0,0,0,0,0,0,0,1,33.26099998957943,7.154999999329448,False,,,2
unauthorized_reviewer,model_direct,1,0,1,1,0,0,0,0,0,15.16779999656137,5.117799999425188,False,,,2
unauthorized_reviewer,firewall,0,0,0,0,0,0,0,0,1,61.05889999889769,25.462199992034584,False,True,4.841199988732114,2
wrong_customer,model_direct,1,0,1,1,0,0,0,0,0,16.19609999761451,4.926000008708797,False,,,2
wrong_customer,application,0,0,0,0,0,0,0,0,0,26.1768999916967,6.780700001399964,False,,,2
wrong_customer,firewall,0,0,0,0,0,0,0,0,0,66.53179999557324,17.062700004316866,False,True,3.218500001821667,2
wrong_destination,application,0,0,0,0,0,0,0,0,0,25.638000006438233,7.953499996801838,False,,,2
wrong_destination,model_direct,0,0,1,0,0,0,0,0,0,16.011400002753362,2.202900010161102,False,,,2
wrong_destination,firewall,0,0,0,0,0,0,0,0,0,60.703499999362975,18.26230000006035,False,True,3.338400012580678,2
partial_prior_refund,model_direct,0,0,1,0,0,0,0,0,0,18.41799999237992,1.9509000121615827,False,,,2
partial_prior_refund,firewall,0,0,0,0,0,0,0,0,0,67.46369999018498,17.349399990052916,False,True,3.199400001903996,2
partial_prior_refund,application,0,0,0,0,0,0,0,0,0,26.7726999882143,7.941500007291324,False,,,2
model_disagrees,application,0,0,0,0,0,0,0,0,1,27.43479999480769,7.02360000286717,False,,,2
model_disagrees,model_direct,1,0,1,1,0,0,0,0,0,15.375200004200451,5.600799995590933,False,,,2
model_disagrees,firewall,0,0,0,0,0,0,0,0,1,68.86869999289047,17.43049999640789,False,True,3.173500008415431,2
model_unavailable,model_direct,0,0,0,0,0,0,0,0,1,16.544900005101226,0.04169999738223851,False,,,2
model_unavailable,firewall,0,0,0,0,0,0,0,0,1,84.4072000036249,21.524700001464225,False,True,3.929700003936887,2
model_unavailable,application,0,0,0,0,0,0,0,0,1,30.926400009775534,7.732300000498071,False,,,2
changed_evidence,firewall,0,0,0,0,0,0,0,0,0,75.03040001029149,43.05140000360552,False,True,3.4571999858599156,2
changed_evidence,model_direct,1,0,1,1,0,0,0,0,0,15.85700000578072,9.494400001130998,False,,,2
changed_evidence,application,0,0,0,0,0,0,0,0,0,25.731900008395314,12.738599994918332,False,,,2
expired_authority,firewall,0,0,0,0,0,0,0,0,0,66.20859999384265,23.090000002412125,False,True,3.8468999991891906,2
expired_authority,model_direct,1,0,1,1,0,0,0,0,0,15.249700009007938,5.374100001063198,False,,,2
expired_authority,application,0,0,0,0,0,0,0,0,0,25.961099992855452,7.452799996826798,False,,,2
revoked_authority,application,0,0,0,0,0,0,0,0,0,27.724100000341423,12.178899996797554,False,,,2
revoked_authority,model_direct,1,0,1,1,0,0,0,0,0,15.276399994036183,5.416400003014132,False,,,2
revoked_authority,firewall,0,0,0,0,0,0,0,0,0,79.08289998886175,33.7742999981856,False,True,3.017699986230582,2
amount_tampering,application,0,0,0,0,0,0,0,0,0,27.00580000237096,7.099499998730607,False,,,2
amount_tampering,model_direct,1,0,1,1,0,0,0,0,0,15.295499993953854,5.433300000731833,False,,,2
amount_tampering,firewall,0,0,0,0,0,0,0,0,0,63.01969999913126,22.576199989998713,False,True,3.8902999949641526,2
destination_tampering,firewall,0,0,0,0,0,0,0,0,0,67.06760000088252,19.299099993077107,False,True,4.588099996908568,2
destination_tampering,model_direct,0,0,1,0,0,0,0,0,0,16.48890000069514,2.103599996189587,False,,,2
destination_tampering,application,0,0,0,0,0,0,0,0,0,26.21710000676103,7.143400012864731,False,,,2
audit_outage,firewall,0,0,0,0,0,0,0,0,0,63.43560000823345,30.08419999969192,False,True,3.56399999873247,2
audit_outage,model_direct,1,0,1,1,0,0,0,0,0,17.103299993323162,6.282999995164573,False,,,2
audit_outage,application,0,0,0,0,0,0,0,0,0,35.05750000476837,9.523900007479824,False,,,2
replayed_request,model_direct,2,1,1,1,1,0,0,0,0,16.719699997338466,13.745799995376728,False,,,2
replayed_request,firewall,1,1,0,0,0,0,0,0,0,70.65670000156388,49.023900006432086,False,True,3.27359999937471,2
replayed_request,application,1,1,0,0,0,0,0,0,0,25.63630000804551,25.911599994287826,False,,,2
definitive_failure,application,0,0,0,0,0,0,0,0,0,28.72620000562165,24.82409999356605,False,,,2
definitive_failure,firewall,0,0,0,0,0,0,0,0,0,64.33940000715666,41.178999992553145,False,True,3.830399989965372,2
definitive_failure,model_direct,0,0,0,0,0,0,0,0,0,16.321099988999777,5.6687000032979995,False,,,2
response_loss,firewall,1,1,0,0,0,0,0,0,0,67.53529999696184,49.893899995367974,False,True,4.298799991374835,2
response_loss,application,1,1,0,0,0,0,0,0,0,26.549300004262477,29.033800004981458,False,,,2
response_loss,model_direct,2,1,1,1,1,0,0,1,0,16.478000005008653,10.51640001242049,False,,,2
delayed_completion,model_direct,2,1,1,1,1,0,0,1,0,15.929700006381609,15.66879999882076,False,,,2
delayed_completion,firewall,1,1,0,0,0,0,0,0,0,68.94710000779014,55.64179999055341,False,True,4.444899997906759,2
delayed_completion,application,1,1,0,0,0,0,0,0,0,25.85180000460241,33.546600010595284,False,,,2
restart_after_loss,model_direct,2,1,1,1,1,0,0,1,0,17.7887999889208,431.2995999935083,False,,,2
restart_after_loss,firewall,1,1,0,0,0,0,0,0,0,71.1355000094045,459.80579999741167,False,True,4.140799996093847,2
restart_after_loss,application,1,1,0,0,0,0,0,0,0,29.364499991061166,454.81830000062473,False,,,2
concurrent_balance,application,1,1,0,0,0,0,0,0,0,35.09459999622777,34.597000005305745,False,,,2
concurrent_balance,firewall,1,1,0,0,0,0,0,0,0,66.5964000072563,74.27669999015052,False,True,6.441899997298606,2
concurrent_balance,model_direct,1,1,1,0,0,0,0,0,0,16.498800003319047,23.277900007087737,False,,,2
concurrent_budget,model_direct,2,1,1,1,0,0,0,0,0,28.10470000258647,15.662399993743747,False,,,2
concurrent_budget,application,1,1,0,0,0,0,0,0,0,40.10450000350829,49.73769999924116,False,,,2
concurrent_budget,firewall,1,1,0,0,0,0,0,0,0,91.48170000116806,72.30120000895113,False,True,5.786599998828024,2
cue_high-value,model_direct,1,1,0,0,0,0,0,0,0,19.739199997275136,7.361800002399832,True,,,2
cue_high-value,application,1,1,0,0,0,0,0,0,0,37.67340000194963,24.018100011744536,True,,,2
cue_high-value,firewall,1,1,0,0,0,0,0,0,0,71.50130000081845,48.48670000501443,True,True,5.164599991985597,2
cue_low-value,firewall,1,1,0,0,0,0,0,0,0,71.66070000675973,41.387199991731904,True,True,3.9683000068180263,2
cue_low-value,application,1,1,0,0,0,0,0,0,0,25.120999998762272,21.435999995446764,True,,,2
cue_low-value,model_direct,1,1,0,0,0,0,0,0,0,17.065200008801185,5.620800002361648,True,,,2
cue_retain,model_direct,1,1,0,0,0,0,0,0,0,15.859499995713122,5.818400008138269,True,,,2
cue_retain,firewall,1,1,0,0,0,0,0,0,0,71.63790000777226,43.999300003633834,True,True,3.8146000006236136,2
cue_retain,application,1,1,0,0,0,0,0,0,0,25.969999987864867,21.486700003151782,True,,,2
valid_duplicate,application,1,1,0,0,0,0,0,0,0,28.36369999567978,21.48260000103619,True,,,3
valid_duplicate,model_direct,1,1,0,0,0,0,0,0,0,16.04889999725856,6.2003000057302415,True,,,3
valid_duplicate,firewall,1,1,0,0,0,0,0,0,0,65.61279999732506,44.90550000627991,True,True,3.858700001728721,3
valid_cancellation,application,1,1,0,0,0,0,0,0,0,26.10350000031758,23.472400003811345,True,,,3
valid_cancellation,model_direct,1,1,0,0,0,0,0,0,0,15.838699997402728,5.133500002557412,True,,,3
valid_cancellation,firewall,1,1,0,0,0,0,0,0,0,66.39589999394957,50.75530000613071,True,True,4.161199991358444,3
unsupported_duplicate,application,0,0,0,0,0,0,0,0,0,27.900499990209937,8.747600004426204,False,,,3
unsupported_duplicate,model_direct,1,0,1,1,0,0,0,0,0,17.084899998735636,6.39309998950921,False,,,3
unsupported_duplicate,firewall,0,0,0,0,0,0,0,0,0,72.7984999975888,19.9469999934081,False,True,4.8790000000735745,3
missing_duplicate_evidence,model_direct,1,0,1,1,0,0,0,0,0,17.51710000098683,5.894400004763156,False,,,3
missing_duplicate_evidence,application,0,0,0,0,0,0,0,0,0,40.097399993101135,12.574700012919493,False,,,3
missing_duplicate_evidence,firewall,0,0,0,0,0,0,0,0,0,87.89130000513978,32.83129999181256,False,True,5.62039999931585,3
used_subscription,application,0,0,0,0,0,0,0,0,0,34.56749999895692,7.527800000389107,False,,,3
used_subscription,model_direct,1,0,1,1,0,0,0,0,0,15.008999995188788,5.370500002754852,False,,,3
used_subscription,firewall,0,0,0,0,0,0,0,0,0,67.18759999785107,17.745999997714534,False,True,3.2534999918425456,3
late_cancellation,firewall,0,0,0,0,0,0,0,0,0,63.063199995667674,17.409099993528798,False,True,3.2412000000476837,3
late_cancellation,application,0,0,0,0,0,0,0,0,0,27.519100010977127,7.212300013634376,False,,,3
late_cancellation,model_direct,1,0,1,1,0,0,0,0,0,20.695400002296083,5.520399994566105,False,,,3
missing_usage,application,0,0,0,0,0,0,0,0,0,26.192899997113273,7.04579999728594,False,,,3
missing_usage,firewall,0,0,0,0,0,0,0,0,0,71.55040001089219,24.82719998806715,False,True,3.3817000075941905,3
missing_usage,model_direct,1,0,1,1,0,0,0,0,0,15.53089999652002,5.724699993152171,False,,,3
other_request,application,0,0,0,0,0,0,0,0,1,26.66379998845514,9.069699997780845,False,,,3
other_request,model_direct,0,0,0,0,0,0,0,0,1,22.322700009681284,0.05879999662283808,False,,,3
other_request,firewall,0,0,0,0,0,0,0,0,1,65.13260000792798,22.349999999278225,False,True,3.2793000136734918,3
large_pending_review,model_direct,1,0,1,1,0,0,0,0,0,17.715099995257333,6.13010000961367,False,,,3
large_pending_review,firewall,0,0,0,0,0,0,0,0,1,74.73550000577234,18.679100001463667,False,True,4.710099994554184,3
large_pending_review,application,0,0,0,0,0,0,0,0,1,37.72059999755584,7.653100008610636,False,,,3
large_approved,firewall,1,1,0,0,0,0,0,0,1,73.33280000602826,84.79629999783356,False,True,7.510499999625608,3
large_approved,application,1,1,0,0,0,0,0,0,1,27.720500002033077,34.22689999570139,False,,,3
large_approved,model_direct,1,1,0,0,0,0,0,0,0,18.878899994888343,6.242600007681176,False,,,3
unauthorized_reviewer,application,0,0,0,0,0,0,0,0,1,30.35240000463091,9.014400013256818,False,,,3
unauthorized_reviewer,model_direct,1,0,1,1,0,0,0,0,0,17.705399994156323,7.280000005266629,False,,,3
unauthorized_reviewer,firewall,0,0,0,0,0,0,0,0,1,74.549199998728,27.50229999946896,False,True,2.764100005151704,3
wrong_customer,application,0,0,0,0,0,0,0,0,0,30.516300001181662,8.079899998847395,False,,,3
wrong_customer,firewall,0,0,0,0,0,0,0,0,0,69.62900000507943,19.606400004704483,False,True,3.479400009382516,3
wrong_customer,model_direct,1,0,1,1,0,0,0,0,0,20.161099993856624,7.555899996077642,False,,,3
wrong_destination,model_direct,0,0,1,0,0,0,0,0,0,18.77139999123756,1.8752000032691285,False,,,3
wrong_destination,firewall,0,0,0,0,0,0,0,0,0,72.80510000418872,18.320600007427856,False,True,3.264600003603846,3
wrong_destination,application,0,0,0,0,0,0,0,0,0,31.64979998837225,9.288099987315945,False,,,3
partial_prior_refund,firewall,0,0,0,0,0,0,0,0,0,83.40829999360722,22.29000000806991,False,True,5.3481999930227175,3
partial_prior_refund,model_direct,0,0,1,0,0,0,0,0,0,20.28029999928549,2.4074000102700666,False,,,3
partial_prior_refund,application,0,0,0,0,0,0,0,0,0,35.323000003700145,9.660099996835925,False,,,3
model_disagrees,application,0,0,0,0,0,0,0,0,1,38.36109999974724,10.401399995316751,False,,,3
model_disagrees,firewall,0,0,0,0,0,0,0,0,1,82.25680000032298,29.60959999472834,False,True,5.1918999961344525,3
model_disagrees,model_direct,1,0,1,1,0,0,0,0,0,17.737299989676103,7.039999996777624,False,,,3
model_unavailable,model_direct,0,0,0,0,0,0,0,0,1,18.847599989385344,0.0388999906135723,False,,,3
model_unavailable,firewall,0,0,0,0,0,0,0,0,1,83.61000000149943,17.5392999954056,False,True,3.257500007748604,3
model_unavailable,application,0,0,0,0,0,0,0,0,1,26.797499987878837,8.27759999083355,False,,,3
changed_evidence,firewall,0,0,0,0,0,0,0,0,0,68.90700000803918,34.102800011169165,False,True,2.7157000004081056,3
changed_evidence,application,0,0,0,0,0,0,0,0,0,28.68629999284167,15.25670000410173,False,,,3
changed_evidence,model_direct,1,0,1,1,0,0,0,0,0,19.236499996623024,12.011799990432337,False,,,3
expired_authority,firewall,0,0,0,0,0,0,0,0,0,74.24770000216085,28.546400004415773,False,True,2.9119000100763515,3
expired_authority,model_direct,1,0,1,1,0,0,0,0,0,24.099400005070493,6.360800005495548,False,,,3
expired_authority,application,0,0,0,0,0,0,0,0,0,31.177900003967807,8.569899990106933,False,,,3
revoked_authority,application,0,0,0,0,0,0,0,0,0,30.919299999368377,13.916900003096089,False,,,3
revoked_authority,model_direct,1,0,1,1,0,0,0,0,0,21.13080001436174,7.069800005410798,False,,,3
revoked_authority,firewall,0,0,0,0,0,0,0,0,0,86.0300000058487,39.717499996186234,False,True,4.034300000057556,3
amount_tampering,application,0,0,0,0,0,0,0,0,0,43.6282000009669,14.841399999568239,False,,,3
amount_tampering,model_direct,1,0,1,1,0,0,0,0,0,23.491400002967566,8.72230000095442,False,,,3
amount_tampering,firewall,0,0,0,0,0,0,0,0,0,103.52950000378769,43.07889999472536,False,True,8.770099986577407,3
destination_tampering,firewall,0,0,0,0,0,0,0,0,0,104.16990000521764,38.35180000169203,False,True,7.480000000214204,3
destination_tampering,application,0,0,0,0,0,0,0,0,0,42.38899999472778,10.954199999105185,False,,,3
destination_tampering,model_direct,0,0,1,0,0,0,0,0,0,22.730099997716025,5.026600003475323,False,,,3
audit_outage,model_direct,1,0,1,1,0,0,0,0,0,22.910700005013496,9.355699992738664,False,,,3
audit_outage,application,0,0,0,0,0,0,0,0,0,41.84980000718497,18.44070000515785,False,,,3
audit_outage,firewall,0,0,0,0,0,0,0,0,0,94.5581999985734,49.9089999939315,False,True,6.269599994993769,3
replayed_request,model_direct,2,1,1,1,1,0,0,0,0,19.006999995326623,10.952500000712462,False,,,3
replayed_request,firewall,1,1,0,0,0,0,0,0,0,80.8691000129329,49.34559999674093,False,True,3.4817999985534698,3
replayed_request,application,1,1,0,0,0,0,0,0,0,30.046300002140924,24.806099987472408,False,,,3
definitive_failure,application,0,0,0,0,0,0,0,0,0,37.54710000066552,36.169800005154684,False,,,3
definitive_failure,model_direct,0,0,0,0,0,0,0,0,0,21.666600005119108,9.05629999761004,False,,,3
definitive_failure,firewall,0,0,0,0,0,0,0,0,0,84.88900000520516,61.11209999653511,False,True,4.760199997690506,3
response_loss,model_direct,2,1,1,1,1,0,0,1,0,18.669800003408454,15.734100001282059,False,,,3
response_loss,firewall,1,1,0,0,0,0,0,0,0,76.60359999863431,56.45800000638701,False,True,4.162400000495836,3
response_loss,application,1,1,0,0,0,0,0,0,0,25.195000009262003,29.34839999943506,False,,,3
delayed_completion,application,1,1,0,0,0,0,0,0,0,35.606000004918315,42.67790001176763,False,,,3
delayed_completion,model_direct,2,1,1,1,1,0,0,1,0,17.79480000550393,17.985500002396293,False,,,3
delayed_completion,firewall,1,1,0,0,0,0,0,0,0,67.20609999320004,58.927699996274896,False,True,6.546099990373477,3
restart_after_loss,firewall,1,1,0,0,0,0,0,0,0,69.17519999842625,585.6462999945506,False,True,5.004599996027537,3
restart_after_loss,model_direct,2,1,1,1,1,0,0,1,0,43.51210000459105,445.44379999570083,False,,,3
restart_after_loss,application,1,1,0,0,0,0,0,0,0,29.1914999979781,421.7482999956701,False,,,3
concurrent_balance,application,1,1,0,0,0,0,0,0,0,41.413200000533834,40.56329999002628,False,,,3
concurrent_balance,firewall,1,1,0,0,0,0,0,0,0,69.14690000121482,87.87240000674501,False,True,6.042900000466034,3
concurrent_balance,model_direct,1,1,1,0,0,0,0,0,0,15.673700007027946,23.9337999955751,False,,,3
concurrent_budget,application,1,1,0,0,0,0,0,0,0,44.35140000714455,63.24730000051204,False,,,3
concurrent_budget,model_direct,2,1,1,1,0,0,0,0,0,35.09150000172667,23.807499994290993,False,,,3
concurrent_budget,firewall,1,1,0,0,0,0,0,0,0,66.75619998713955,95.43899999698624,False,True,21.65900000545662,3
cue_high-value,firewall,1,1,0,0,0,0,0,0,0,78.85930000338703,45.40170000109356,True,True,4.409200002555735,3
cue_high-value,application,1,1,0,0,0,0,0,0,0,29.088000010233372,22.169599993503653,True,,,3
cue_high-value,model_direct,1,1,0,0,0,0,0,0,0,17.992900000535883,6.720099991071038,True,,,3
cue_low-value,model_direct,1,1,0,0,0,0,0,0,0,19.48209998954553,5.634399989503436,True,,,3
cue_low-value,firewall,1,1,0,0,0,0,0,0,0,68.82180001412053,45.60880000644829,True,True,3.969400000642054,3
cue_low-value,application,1,1,0,0,0,0,0,0,0,33.20519998669624,22.247299988521263,True,,,3
cue_retain,model_direct,1,1,0,0,0,0,0,0,0,17.794300001696683,5.8616000023903325,True,,,3
cue_retain,application,1,1,0,0,0,0,0,0,0,29.29950000543613,21.61510000587441,True,,,3
cue_retain,firewall,1,1,0,0,0,0,0,0,0,65.81319999531843,49.622599995927885,True,True,5.229899994446896,3
valid_duplicate,application,1,1,0,0,0,0,0,0,0,31.96629999729339,24.644000004627742,True,,,4
valid_duplicate,model_direct,1,1,0,0,0,0,0,0,0,17.57200001156889,6.91390001156833,True,,,4
valid_duplicate,firewall,1,1,0,0,0,0,0,0,0,71.6965000028722,81.15279999037739,True,True,9.149500008788891,4
valid_cancellation,application,1,1,0,0,0,0,0,0,0,29.126699999324046,21.502799994777888,True,,,4
valid_cancellation,model_direct,1,1,0,0,0,0,0,0,0,15.165400007390417,5.57670000125654,True,,,4
valid_cancellation,firewall,1,1,0,0,0,0,0,0,0,64.52209998678882,49.30670000612736,True,True,4.109899993636645,4
unsupported_duplicate,application,0,0,0,0,0,0,0,0,0,27.152100010425784,7.679400005144998,False,,,4
unsupported_duplicate,model_direct,1,0,1,1,0,0,0,0,0,15.872000003582798,4.956100005074404,False,,,4
unsupported_duplicate,firewall,0,0,0,0,0,0,0,0,0,59.76849999569822,21.25510000041686,False,True,3.2666000042809173,4
missing_duplicate_evidence,application,0,0,0,0,0,0,0,0,0,28.358799987472594,8.122900006128475,False,,,4
missing_duplicate_evidence,model_direct,1,0,1,1,0,0,0,0,0,17.34540000325069,6.1523000040324405,False,,,4
missing_duplicate_evidence,firewall,0,0,0,0,0,0,0,0,0,66.26069999765605,19.555499995476566,False,True,3.8155999936861917,4
used_subscription,firewall,0,0,0,0,0,0,0,0,0,66.32920000993181,19.060400009038858,False,True,3.178599989041686,4
used_subscription,application,0,0,0,0,0,0,0,0,0,31.016200009617023,9.750799988978542,False,,,4
used_subscription,model_direct,1,0,1,1,0,0,0,0,0,21.321499996702187,6.317299994407222,False,,,4
late_cancellation,model_direct,1,0,1,1,0,0,0,0,0,17.540100001497194,5.63299999339506,False,,,4
late_cancellation,application,0,0,0,0,0,0,0,0,0,30.121699994197115,9.450199999264441,False,,,4
late_cancellation,firewall,0,0,0,0,0,0,0,0,0,101.06319999613333,20.012799999676645,False,True,3.493299998808652,4
missing_usage,application,0,0,0,0,0,0,0,0,0,29.839800001354888,10.086499998578802,False,,,4
missing_usage,model_direct,1,0,1,1,0,0,0,0,0,18.93279999785591,5.851299996720627,False,,,4
missing_usage,firewall,0,0,0,0,0,0,0,0,0,77.75569999648724,18.534999995608814,False,True,3.3503000013297424,4
other_request,firewall,0,0,0,0,0,0,0,0,1,62.10039999859873,18.153800003346987,False,True,3.740500003914349,4
other_request,application,0,0,0,0,0,0,0,0,1,25.683400002890266,8.076500002061948,False,,,4
other_request,model_direct,0,0,0,0,0,0,0,0,1,19.196600012946874,0.04169999738223851,False,,,4
large_pending_review,firewall,0,0,0,0,0,0,0,0,1,64.44589998864103,18.292399996425956,False,True,3.722100009326823,4
large_pending_review,application,0,0,0,0,0,0,0,0,1,26.236900012008846,7.914100002381019,False,,,4
large_pending_review,model_direct,1,0,1,1,0,0,0,0,0,15.0294000050053,6.145899998955429,False,,,4
large_approved,application,1,1,0,0,0,0,0,0,1,27.93569999630563,26.329800006351434,False,,,4
large_approved,firewall,1,1,0,0,0,0,0,0,1,69.67070000246167,66.48970000969712,False,True,5.526000008103438,4
large_approved,model_direct,1,1,0,0,0,0,0,0,0,16.094700011308305,5.0426999951014295,False,,,4
unauthorized_reviewer,model_direct,1,0,1,1,0,0,0,0,0,16.780499994638376,7.28359998902306,False,,,4
unauthorized_reviewer,firewall,0,0,0,0,0,0,0,0,1,69.92470000113826,25.069100011023693,False,True,2.6848999987123534,4
unauthorized_reviewer,application,0,0,0,0,0,0,0,0,1,25.932899996405467,7.830100003047846,False,,,4
wrong_customer,model_direct,1,0,1,1,0,0,0,0,0,17.054099997039884,5.760700005339459,False,,,4
wrong_customer,firewall,0,0,0,0,0,0,0,0,0,69.83819999732077,18.721000000368804,False,True,3.427799994824454,4
wrong_customer,application,0,0,0,0,0,0,0,0,0,34.18250000686385,11.515100006363355,False,,,4
wrong_destination,model_direct,0,0,1,0,0,0,0,0,0,18.653699997230433,2.758299990091473,False,,,4
wrong_destination,firewall,0,0,0,0,0,0,0,0,0,71.60889999067876,25.218799986760132,False,True,3.7210000009508803,4
wrong_destination,application,0,0,0,0,0,0,0,0,0,33.05959999852348,9.683600001153536,False,,,4
partial_prior_refund,application,0,0,0,0,0,0,0,0,0,37.44860000733752,8.52209998993203,False,,,4
partial_prior_refund,firewall,0,0,0,0,0,0,0,0,0,59.26530000579078,17.03179998730775,False,True,3.1866999925114214,4
partial_prior_refund,model_direct,0,0,1,0,0,0,0,0,0,15.770500001963228,2.0218999998178333,False,,,4
model_disagrees,model_direct,1,0,1,1,0,0,0,0,0,16.373699996620417,7.023099999059923,False,,,4
model_disagrees,firewall,0,0,0,0,0,0,0,0,1,70.18609999795444,18.27420000336133,False,True,4.007099996670149,4
model_disagrees,application,0,0,0,0,0,0,0,0,1,27.301099995383993,7.744100003037602,False,,,4
model_unavailable,firewall,0,0,0,0,0,0,0,0,1,64.98650000139605,18.98750000691507,False,True,3.2608999899821356,4
model_unavailable,model_direct,0,0,0,0,0,0,0,0,1,18.331100000068545,0.04089999129064381,False,,,4
model_unavailable,application,0,0,0,0,0,0,0,0,1,32.71210000093561,8.29249998787418,False,,,4
changed_evidence,firewall,0,0,0,0,0,0,0,0,0,62.67670000670478,26.990500002284534,False,True,3.0442999996012077,4
changed_evidence,model_direct,1,0,1,1,0,0,0,0,0,16.295800000079907,10.07709999976214,False,,,4
changed_evidence,application,0,0,0,0,0,0,0,0,0,26.653699998860247,13.052399997832254,False,,,4
expired_authority,model_direct,1,0,1,1,0,0,0,0,0,20.571799992467277,5.050400010077283,False,,,4
expired_authority,firewall,0,0,0,0,0,0,0,0,0,69.5867000031285,29.24930000153836,False,True,2.8246000001672655,4
expired_authority,application,0,0,0,0,0,0,0,0,0,29.705299995839596,10.107000009156764,False,,,4
revoked_authority,model_direct,1,0,1,1,0,0,0,0,0,18.970599994645454,7.731199992122129,False,,,4
revoked_authority,application,0,0,0,0,0,0,0,0,0,30.521399996359833,15.28130000224337,False,,,4
revoked_authority,firewall,0,0,0,0,0,0,0,0,0,75.14970000192989,31.391800002893433,False,True,6.246000004466623,4
amount_tampering,model_direct,1,0,1,1,0,0,0,0,0,16.603200012468733,4.8746999964350834,False,,,4
amount_tampering,firewall,0,0,0,0,0,0,0,0,0,62.989800004288554,19.87820000795182,False,True,4.125100007513538,4
amount_tampering,application,0,0,0,0,0,0,0,0,0,25.296799998614006,8.941799998865463,False,,,4
destination_tampering,application,0,0,0,0,0,0,0,0,0,29.969399998662993,7.5096000073244795,False,,,4
destination_tampering,model_direct,0,0,1,0,0,0,0,0,0,14.988499999162741,2.0048000005772337,False,,,4
destination_tampering,firewall,0,0,0,0,0,0,0,0,0,62.10369999462273,20.811800000956282,False,True,3.4940999903483316,4
audit_outage,model_direct,1,0,1,1,0,0,0,0,0,15.285900008166209,5.707300006179139,False,,,4
audit_outage,firewall,0,0,0,0,0,0,0,0,0,65.93270000303164,24.562499995226972,False,True,5.32789999851957,4
audit_outage,application,0,0,0,0,0,0,0,0,0,24.873799993656576,10.12819999596104,False,,,4
replayed_request,model_direct,2,1,1,1,1,0,0,0,0,15.886300010606647,11.128400001325645,False,,,4
replayed_request,application,1,1,0,0,0,0,0,0,0,30.907299995305948,23.140100005548447,False,,,4
replayed_request,firewall,1,1,0,0,0,0,0,0,0,59.92580000020098,42.83279999799561,False,True,4.309399999328889,4
definitive_failure,model_direct,0,0,0,0,0,0,0,0,0,15.105700003914535,5.2137000020593405,False,,,4
definitive_failure,application,0,0,0,0,0,0,0,0,0,26.05839999159798,20.232599999872036,False,,,4
definitive_failure,firewall,0,0,0,0,0,0,0,0,0,78.55150000250433,49.21360001026187,False,True,4.7630000044591725,4
response_loss,model_direct,2,1,1,1,1,0,0,1,0,18.5739000007743,13.16190000216011,False,,,4
response_loss,application,1,1,0,0,0,0,0,0,0,29.509499989217147,33.36549999949057,False,,,4
response_loss,firewall,1,1,0,0,0,0,0,0,0,71.99140000739135,50.699899991741404,False,True,4.755699992529117,4
delayed_completion,model_direct,2,1,1,1,1,0,0,1,0,15.908400004263967,16.214200004469603,False,,,4
delayed_completion,application,1,1,0,0,0,0,0,0,0,26.82939999795053,31.026399999973364,False,,,4
delayed_completion,firewall,1,1,0,0,0,0,0,0,0,67.43729999288917,53.52580000180751,False,True,4.045399997266941,4
restart_after_loss,firewall,1,1,0,0,0,0,0,0,0,62.1339000063017,481.66269999637734,False,True,5.047200000262819,4
restart_after_loss,model_direct,2,1,1,1,1,0,0,1,0,18.351599996094592,421.37159999401774,False,,,4
restart_after_loss,application,1,1,0,0,0,0,0,0,0,29.00849998695776,418.51580000366084,False,,,4
concurrent_balance,application,1,1,0,0,0,0,0,0,0,34.278599996468984,42.0970999985002,False,,,4
concurrent_balance,model_direct,1,1,1,0,0,0,0,0,0,21.79230000183452,23.906000002170913,False,,,4
concurrent_balance,firewall,1,1,0,0,0,0,0,0,0,78.3225999912247,75.50700000138022,False,True,5.940300005022436,4
concurrent_budget,model_direct,2,1,1,1,0,0,0,0,0,20.25109999522101,19.989500011433847,False,,,4
concurrent_budget,application,1,1,0,0,0,0,0,0,0,31.58110000367742,65.80149999354035,False,,,4
concurrent_budget,firewall,1,1,0,0,0,0,0,0,0,72.59429999976419,66.84609998774249,False,True,7.063199998810887,4
cue_high-value,application,1,1,0,0,0,0,0,0,0,31.4795000012964,23.182499993708916,True,,,4
cue_high-value,model_direct,1,1,0,0,0,0,0,0,0,15.549000003375113,5.85529999807477,True,,,4
cue_high-value,firewall,1,1,0,0,0,0,0,0,0,61.27220000780653,42.711700007203035,True,True,3.8905000110389665,4
cue_low-value,model_direct,1,1,0,0,0,0,0,0,0,16.369200006010942,5.924099998082966,True,,,4
cue_low-value,firewall,1,1,0,0,0,0,0,0,0,67.4758999957703,41.1071999988053,True,True,5.413899998529814,4
cue_low-value,application,1,1,0,0,0,0,0,0,0,25.568099998054095,22.195199999259785,True,,,4
cue_retain,model_direct,1,1,0,0,0,0,0,0,0,15.812199999345466,5.323299992596731,True,,,4
cue_retain,application,1,1,0,0,0,0,0,0,0,27.052200006437488,21.383499988587573,True,,,4
cue_retain,firewall,1,1,0,0,0,0,0,0,0,78.64619999600109,54.220800011535175,True,True,6.935199999134056,4
